ID,DisplayName_lang,Description_lang
3,Long,
4,Foxtail,
5,Braids,
6,Swept,
7,Spiked Tail,
8,Beaded Braid,
9,Horned,
10,Looped Tail,
11,Bald,
19,Bare,
20,Splayed Tendrils,
21,Burns,
22,Chops,
23,Mustachioed,
24,Soul Patch,
25,Goatee,
26,Twin Tendrils,
27,Straight,
28,Loose,
29,Bangs,
30,Full,
31,Parted Long,
32,Flipped,
33,Tomboy,
34,Pony Right,
35,Pony Left,
36,Bobbed,
37,Layered,
38,Short,
39,Flirty,
40,Waved,
41,Bun,
42,Parted Short,
43,Waved Bob,
44,Rushed,
55,Unpierced,
56,Earrings,
57,Upper Earrings,
58,Double Upper Earrings,
59,Full Earrings,
60,Nose Ring,
61,Nose & Brow Rings,
62,Soaked,
63,Bald,
64,Peasant,
65,Soldier,
66,Monk,
67,Barbarian,
68,Dashing,
69,Loose,
70,Courtier,
71,Scholar,
72,Rogue,
73,Fabulous,
74,Samson,
85,Bearded,
86,Colonel,
87,Duelist,
88,Goatee,
89,Wizard,
90,Chops,
91,Van Dyke,
92,Mustachioed,
93,Clean,
125,Straight,
126,Flipped,
127,Cute,
128,Feathered,
129,Buns,
130,Jeweled Band,
131,Bangs,
132,Elegant,
133,Bounce,
134,Nape,
135,Sassy,
143,Sweeping,
144,Curled,
145,Arced,
146,High,
147,Spread,
148,Grand,
149,Short,
175,High Tail,
176,Parted Long,
177,Soaked,
178,Trouble,
179,Jeweled Band,
180,Full,
181,Tied,
182,Bun,
183,Parted Short,
184,Simple,
185,Shy,
186,Raquel,
187,Curled,
188,Headband,
200,Rubies,
201,Hoops,
202,Earrings,
203,Dangling Emeralds,
204,Emeralds & Bars,
205,Upper Earrings,
206,Pearls,
207,Dangling Rubies,
208,Emerald & Pearl Bars,
209,Emeralds & Upper Earring,
245,Flipped,
246,Swept,
247,Falcon,
248,Foxtail,
249,Parted Long,
250,Spiked,
251,Long Bangs,
252,Feathered Part,
253,Slicked,
254,Headband,
255,Topknot,
266,Clean,
267,Point,
268,Soul Patch,
269,Spike,
270,Pointed Chin,
271,Cropped Chin,
272,Soul Strip,
273,Dagger,
274,Goatee,
275,Styled Chin,
307,Mane,
308,Chonmage Braids,
309,Long,
310,Tail,
311,Chonmage Long,
312,Short Tail,
313,Windswept,
322,Clean,
323,Groomed,
324,Bearded,
325,Mustachioed,
326,Chops,
327,Goatee,
349,Bald,
350,Long,
351,Tail,
352,Short,
353,Topknot,
354,Short Tail,
355,Swept,
356,Receding,
357,Chonmage,
358,Braid,
359,Short Braid,
370,Full,
371,Double-Braided,
372,Groomed,
373,Short,
374,Grand Mustache,
375,Braided Mustache,
376,Styled,
377,Pointed,
378,Braided,
379,Humbug,
380,Grimbeard,
413,Topknot,
414,Tail,
415,Crest,
416,Tufts,
417,Boar Tails,
418,Horns,
419,Mane,
420,Shaved,
429,Unpierced,
430,Earrings,
431,Upper Earrings,
432,Nose Ring,
433,Nose & Earrings,
434,Nose & Upper Earrings,
435,Full Earrings,
459,Double-Braided,
460,Braided Buns,
461,Braided,
462,Boar Tails,
463,Braided Bun,
464,Looped,
465,Tied,
466,Short,
467,Parted,
468,Short Braids,
469,Bobbed,
470,Cropped,
471,Bangs & Braids,
472,Gathered,
483,Unpierced,
484,Earrings,
485,Upper Earring,
486,Double Upper Earring,
487,Nose Ring,
488,Small Earrings,
519,Tower,
520,Sprouts,
521,Boar Tails,
522,Parted,
523,Soaked,
524,Braided Buns,
525,Bobbed,
535,Unpierced,
536,Earrings,
537,Small Earrings,
538,Upper Earrings,
539,Full Earrings,
540,Left Earring,
541,Right Earring,
565,Bald,
566,Wings,
567,Groomed,
568,Cowlicked,
569,Styled,
570,Balding,
571,Combover,
581,Clean,
582,Goatee,
583,Chops,
584,Waxed,
585,Bearded,
586,Handlebars,
587,Styled,
588,Mustachioed,
613,Bald,
614,Mohawk,
615,Shaggy,
616,Wisps,
617,Spiked,
618,Wild,
619,Scholar,
620,Full,
621,Topknot,
622,Long,
633,Intact,
634,Rot-Kissed,
635,Strapped,
636,Strapped Slackjaw,
637,Strapped Drooler,
638,Rotting,
639,Rotting Slackjaw,
640,Rotting Drooler,
641,Bonejawed,
642,Jawsome,
643,Toothy,
644,Toothy Slackjaw,
645,Cheeky,
646,Cheeky Slackjaw,
647,Putrid,
648,Putrid Slackjaw,
649,Putrid Drooler,
687,Wild,
688,Shaggy,
689,Loose,
690,Windswept,
691,Long,
692,The Bride,
693,Tomboy,
694,Styled,
695,Bobbed,
696,Soaked,
707,Intact,
708,Stitched,
709,Strapped,
710,Rotting,
711,Bonejawed,
712,Toothy,
713,Cheeky,
714,Putrid,
743,Longhorn,
744,Bull,
745,Charger,
746,Broken,
747,Snapped,
748,Tiny,
749,Buffalo,
750,Gorefest,
754,Clean,
755,Triple Braids,
756,Ringed,
757,Braid,
758,Bearded,
759,Double Braids,
760,Ringed & Braided,
779,Bald,
780,Topknot,
781,Chonmage,
782,Crest,
783,Chonmage Long,
784,Braided,
785,Tail,
794,Clean,
795,Rough,
796,Groomed Beard,
797,Cropped Beard,
798,Wild Beard,
799,Thick Braid,
800,Twin Braids,
801,Chop Braids,
802,Thin Braid,
803,Chops,
804,Tufts,
831,Horned,
832,Low,
833,Long,
834,Upturned,
835,Small,
836,Wide,
837,Buffalo,
841,Maned,
842,Braids,
843,Loops,
844,Tails,
845,Tufts,
861,Long,
862,Loose Tail,
863,Short,
864,High Tail,
865,Braided Tails,
866,Short Tail,
867,Braided Tail,
876,Bear,
877,Blades,
878,Crane,
879,Leaf,
880,Claws,
881,Wings,
882,Serpent,
883,Owl,
884,Shadow,
885,No Tattoo,
911,Bald,
912,Receding,
913,Crest,
914,Windswept,
915,Topknot,
916,Tail,
927,Tusked,
928,Gougers,
929,Mammoth,
930,Upturned,
931,Bridle,
932,Tusked Mask,
933,Warpaint Gougers,
934,Striped Mammoth,
935,Painted Upturned,
936,Painted Bridle,
937,Spotted Mammoth,
965,Braids,
966,High Tail,
967,Swept Braids,
968,Topknot,
969,Braided Crest,
980,Nibblers,
981,Short,
982,Straight,
983,Upturned,
984,Long,
985,Oni,
1012,Prince,
1013,Spikes,
1014,Swept,
1015,Foxtail,
1016,Slicked,
1017,Styled,
1018,Elaborate,
1019,Nape,
1020,Boar Tails,
1021,Bangs,
1022,Unpierced,
1029,Mane,
1030,Chonmage Braids,
1031,Tail,
1032,Windswept,
1033,Chonmage Long,
1034,Spiked,
1035,Backspike,
1036,Horned Foxtail,
1037,Topknot,
1038,Emo,
1039,Hairband,
1040,Trouble,
1041,Shy,
1042,High Tail,
1043,Soaked,
1044,Barbarian,
1045,Soldier,
1046,Scholar,
1047,Laurel Wreath,
1048,Fabulous,
1049,Bun,
1050,Flirty,
1051,Waved Bob,
1052,Braided Tails,
1053,Braided Tail,
1054,Windswept,
1055,Shaggy,
1056,Mohawk,
1057,Loose,
1058,Wild,
1059,Short,
1060,Cute,
1061,Tail,
1062,Looped,
1063,Tied,
1064,Slicked,
1065,Styled,
1066,Curled,
1067,Raquel,
1068,Simple,
1069,Short Braided Tail,
1070,Wild,
1071,Braided Tail,
1072,Mohawk,
1073,Long Braided Tail,
1074,Hairband,
1075,Soaked,
1076,Tomboy,
1077,Gathered,
1078,Looped,
1079,Spiked,
1080,Mohawk,
1081,Slicked Topknot,
1082,Long,
1083,Wild,
1084,Wild,
1085,Styled,
1086,Tomboy,
1087,Flipped,
1088,Tipped,
1089,Curled,
1090,Capped,
1091,Lyre,
1092,Ringed,
1093,Charger,
1094,Snapped,
1095,Gougers,
1096,Close,
1097,Stubs,
1098,Braids,
1099,Plume,
1100,Scruffy,
1101,Mohawk,
1102,Jungle Flower,
1103,Wrapped Braid,
1104,Mohawk,
1105,Mota,
1106,Fauxhawk,
1107,Swept,
1108,Monk,
1109,High,
1110,Barbarian,
1111,Short,
1112,Boar Tails,
1113,Parted,
1114,Short,
1115,Unkept,
1116,Sprouts,
1117,Long,
1120,,
1121,,
1122,,
1123,,
1124,,
1125,,
1126,,
1127,,
1128,,
1129,,
1130,,
1131,,
1132,,
1133,,
1134,,
1135,,
1136,,
1137,,
1138,,
1139,,
1140,,
1141,,
1142,,
1143,,
1144,,
1145,,
1146,,
1147,,
1148,,
1149,,
1150,Beaded Tails,
1151,Wild,
1152,Chops,
1153,Scruffy,
1154,Beaded Tufts,
1155,Clean,
1156,Mane,
1157,Clean,
1158,Topknot,
1159,Troublemaker,
1160,Mutton Tail,
1161,Greaser,
1162,Corsair,
1163,Topknot n' Mutton,
1164,Boing,
1165,Mohawk,
1166,Grump,
1167,Chonmage,
1168,Boltburns,
1169,Skeevy,
1170,The Executive,
1171,Scruffy,
1172,Roguish,
1173,Bolty,
1174,Topknot n' Boltburns,
1175,Scruffy Chonmage,
1176,Bald,
1177,Septum Ring,
1178,Nose Rings,
1179,Nose Ring,
1180,Simple,
1181,Flappy,
1182,Tall,
1183,Droopy Tips,
1184,Upper Rings,
1185,Studs,
1186,Rings n' Studs,
1187,Pierced,
1188,Boar Tails,
1189,Full Tilt,
1190,Twin Tufts,
1191,Upswept,
1192,Curly-Cute,
1193,Fauxhawk,
1194,Belle Bell,
1195,Bangs n' Tufts,
1196,Peek-A-Boo,
1197,Bad Girl,
1198,Kooky,
1199,Tough Girl,
1200,The Cupcake,
1201,Elegance,
1202,Naughty,
1203,Trifecta,
1204,Chavvy,
1205,Tall,
1206,Perky,
1207,Simple,
1208,Onyx n' Rings,
1209,Rings,
1210,The Bone,
1211,The Beak,
1212,Studs,
1213,Hoop,
1214,Skull,
1215,Tall Rings,
1223,,
1224,,
1225,,
1226,,
1227,,
1228,,
1229,Wrapped Tails,
1230,Short Tufts,
1231,Braided Tails,
1232,Quartet,
1233,Spikes,
1234,Long Braids,
1237,Grizzled,
1238,Tuft,
1239,Goatee,
1240,Bead,
1241,Gnawed,
1242,Ragged,
1243,Twin Tufts,
1244,Lopsided,
1287,Fuzzy,
1288,Alert,
1289,Pointed Pointer,
1290,Rounded Pointer,
1291,Large,
1292,Wide,
1293,Tufted,
1294,Tall,
1295,Scruffy,
1296,Small,
1297,Flopped,
1299,Beaded,
1300,Bangs,
1301,Styled,
1302,Salted Tail,
1303,Salted Mane,
1304,Long Braids,
1305,Full,
1306,Short Braids,
1307,Thin Braids,
1308,Full Bangs,
1309,Full Braids,
1310,Long Mane,
1311,Left Tail,
1312,Twin Tails,
1314,,
1315,,
1316,,
1317,,
1318,,
1319,,
1320,,
1321,,
1322,,
1323,,
1324,,
1325,,
1326,,
1327,,
1328,,
1329,,
1330,,
1331,Scruffy Braids,
1332,Mane,
1367,Short,
1368,Braided Tail,
1369,Slicked,
1370,Wings,
1371,Sassy Buns,
1372,Triple Knots,
1373,Tousled,
1374,Combover,
1375,Bangs & Braids,
1376,Punky,
1377,The Curl,
1378,Blade's Edge,
1379,Fauxhawk,
1380,Sassy Buns,
1381,Sassy Tails,
1382,Bangs,
1384,Braided Hawk,
1385,Wedge,
1386,High,
1387,Omega,
1388,Backswept,
1389,Sticks & Stones,
1390,Backblown,
1391,Balding Braids,
1392,Dragon's Crest,
1393,Falling Fauxhawk,
1394,Wedge,
1410,,
1411,,
1412,,
1603,Fur,
1605,Topknot,
1607,Mohawk,
1609,Slicked,
1611,Beaded Tail,
1613,Backbrushed,
1615,Mane & Topknot,
1617,Long Topknot,
1619,Backbrushed Topknot,
1621,Tail & Bow,
1623,Top Bun,
1625,Tall Topknot,
1627,Tuft,
1629,Top Bun Mane,
1631,Loop,
1633,Wrapped Topknot,
1635,Chopstick,
1637,Spiky,
1639,Fur,
1641,Temple Rope,
1643,Barbel Beard,
1645,Chin Bead,
1647,Corded Temple Rope,
1649,Piped Chin Bead,
1651,Barbels Temple Cord,
1653,Spikes,
1655,Fiery Spike,
1657,Thoughtful Tufts,
1659,Corded Banner,
1661,Barbels Temple Rope,
1663,Chops,
1665,Banner,
1667,Twin Temple Ropes,
1669,Whiskered Blade,
1671,Stern Triple Tufts,
1673,Temple Cords,
1675,Cunning Barbels Chin Bead,
1677,Temple Cord,
1679,Corded  Blade,
1681,Stern Chops & Rope,
1683,Stern Beard,
1685,Triple Temple Ropes,
1687,Barbels Spike,
1689,Barbels Chin Bead,
1691,Piped Long Beard,
1693,Chopped Temple Rope,
1695,Long Beard,
1697,Stern Big Beard,
1699,Chopped Spike,
1701,Gathered Tail,
1703,Chopsticks Tail,
1705,Simple Tail,
1707,Braided Tail,
1709,Flowered Roll,
1711,Topknot,
1713,Chopsticks Loop,
1715,Chopsticks Bun,
1717,Braid and Falls,
1719,Twin Tails Falls,
1721,Covered Buns,
1723,Flowered Buns,
1725,Twin Tufts,
1727,Twin Loops,
1729,Twin Tails,
1731,Twin Rolls,
1733,Bun Falls,
1735,,
1737,Hoops,
1739,Discs,
1741,Spirals,
1743,Captive Beads,
1745,Seals,
1747,Stern,
1749,Thoughtful,
1751,Cunning,
1753,Bristling,
1815,The Sokka,
1816,,
1817,,
1818,,
1819,,
1820,,
1821,,
1822,,
1823,,
1824,,
1825,,
1826,,
1827,,
1828,,
1966,,
1967,,
1968,,
1969,,
1970,,
1971,,
1972,,
1973,,
1974,,
1975,,
1976,,
1977,,
1978,,
1979,,
2054,,
2057,Fur,
2058,Fur,
2059,Topknot,
2060,Topknot,
2061,Mohawk,
2062,Mohawk,
2063,Slicked,
2064,Slicked,
2065,Beaded Tail,
2066,Beaded Tail,
2067,Backbrushed,
2068,Backbrushed,
2069,Mane & Topknot,
2070,Mane & Topknot,
2071,Long Topknot,
2072,Long Topknot,
2073,Backbrushed Topknot,
2074,Backbrushed Topknot,
2075,Tail & Bow,
2076,Tail & Bow,
2077,Top Bun,
2078,Top Bun,
2079,Tall Topknot,
2080,Tall Topknot,
2081,Tuft,
2082,Tuft,
2083,Top Bun Mane,
2084,Top Bun Mane,
2085,Loop,
2086,Loop,
2087,Wrapped Topknot,
2088,Wrapped Topknot,
2089,Chopstick,
2090,Chopstick,
2091,Spiky,
2092,Spiky,
2093,Fur,
2094,Fur,
2095,Temple Rope,
2096,Temple Rope,
2097,Barbel Beard,
2098,Barbel Beard,
2099,Chin Bead,
2100,Chin Bead,
2101,Corded Temple Rope,
2102,Corded Temple Rope,
2103,Piped Chin Bead,
2104,Piped Chin Bead,
2105,Barbels Temple Cord,
2106,Barbels Temple Cord,
2107,Spikes,
2108,Spikes,
2109,Fiery Spike,
2110,Fiery Spike,
2111,Thoughtful Tufts,
2112,Thoughtful Tufts,
2113,Corded Banner,
2114,Corded Banner,
2115,Barbels Temple Rope,
2116,Barbels Temple Rope,
2117,Chops,
2118,Chops,
2119,Banner,
2120,Banner,
2121,Twin Temple Ropes,
2122,Twin Temple Ropes,
2123,Whiskered Blade,
2124,Whiskered Blade,
2125,Stern Triple Tufts,
2126,Stern Triple Tufts,
2127,Temple Cords,
2128,Temple Cords,
2129,Cunning Barbels Chin Bead,
2130,Cunning Barbels Chin Bead,
2131,Temple Cord,
2132,Temple Cord,
2133,Corded  Blade,
2134,Corded  Blade,
2135,Stern Chops & Rope,
2136,Stern Chops & Rope,
2137,Stern Beard,
2138,Stern Beard,
2139,Triple Temple Ropes,
2140,Triple Temple Ropes,
2141,Barbels Spike,
2142,Barbels Spike,
2143,Barbels Chin Bead,
2144,Barbels Chin Bead,
2145,Piped Long Beard,
2146,Piped Long Beard,
2147,Chopped Temple Rope,
2148,Chopped Temple Rope,
2149,Long Beard,
2150,Long Beard,
2151,Stern Big Beard,
2152,Stern Big Beard,
2153,Chopped Spike,
2154,Chopped Spike,
2155,Gathered Tail,
2156,Gathered Tail,
2157,Chopsticks Tail,
2158,Chopsticks Tail,
2159,Simple Tail,
2160,Simple Tail,
2161,Braided Tail,
2162,Braided Tail,
2163,Flowered Roll,
2164,Flowered Roll,
2165,Topknot,
2166,Topknot,
2167,Chopsticks Loop,
2168,Chopsticks Loop,
2169,Chopsticks Bun,
2170,Chopsticks Bun,
2171,Braid and Falls,
2172,Braid and Falls,
2173,Twin Tails Falls,
2174,Twin Tails Falls,
2175,Covered Buns,
2176,Covered Buns,
2177,Flowered Buns,
2178,Flowered Buns,
2179,Twin Tufts,
2180,Twin Tufts,
2181,Twin Loops,
2182,Twin Loops,
2183,Twin Tails,
2184,Twin Tails,
2185,Twin Rolls,
2186,Twin Rolls,
2187,Bun Falls,
2188,Bun Falls,
2189,,
2190,,
2191,Hoops,
2192,Hoops,
2193,Discs,
2194,Discs,
2195,Spirals,
2196,Spirals,
2197,Captive Beads,
2198,Captive Beads,
2199,Seals,
2200,Seals,
2201,Stern,
2202,Stern,
2203,Thoughtful,
2204,Thoughtful,
2205,Cunning,
2206,Cunning,
2207,Bristling,
2208,Bristling,
2209,The Sokka,
2210,The Sokka,
2211,,
2212,,
2213,,
2214,,
2215,,
2216,,
2217,,
2218,,
2219,,
2220,,
2221,,
2222,,
2223,,
2224,,
2225,,
2226,,
2227,,
2228,,
2229,,
2230,,
2231,,
2232,,
2233,,
2234,,
2235,,
2236,,
2237,,
2238,,
2239,,
2240,,
2241,,
2242,,
2243,,
2244,,
2245,,
2246,,
2247,,
2248,,
2249,,
2250,,
2251,,
2252,,
2253,,
2254,,
2255,,
2256,,
2257,,
2258,,
2259,,
2260,,
2261,,
2262,,
2263,,
2264,,
2265,,
2266,,
2267,,
2268,,
2269,,
2270,,
2271,,
2272,,
2273,,
2274,,
2275,,
2276,,
2277,,
2278,,
2279,,
2280,,
2281,,
2282,,
2283,,
2284,,
2285,,
2286,,
2287,,
2810,,
2811,,
2812,,
2813,,
2814,,
2815,,
2816,,
2817,,
2818,,
2819,,
2820,,
2821,,
2822,,
2823,,
2824,,
2825,,
2826,,
2827,,
2828,,
2829,,
2830,,
2831,,
2832,,
2833,,
2834,,
2835,,
2836,,
2837,,
2838,,
2839,,
2840,,
2841,,
2842,,
2843,,
2844,,
2845,,
2846,,
2847,,
2848,,
2849,,
2850,,
2851,,
2852,,
2853,,
2854,,
2855,,
2856,,
2857,,
2858,,
2859,,
2860,,
2861,,
2862,,
2863,,
2864,,
2865,,
2866,,
2867,,
2868,,
2869,,
2870,,
2871,,
2872,,
2873,,
2874,,
2875,,
2876,,
2877,,
2878,,
2879,,
2880,,
2881,,
2882,,
2883,,
2884,,
2885,,
2886,,
2887,,
2888,,
2889,,
2890,,
2891,,
2892,,
2893,,
2894,,
2895,,
2896,,
2897,,
2898,,
2899,,
2900,,
2901,,
2902,,
2903,,
2904,,
2905,,
2906,,
2907,,
2908,,
2909,,
2910,,
2911,,
2912,,
2913,,
2914,,
2915,,
2916,,
2917,,
2918,,
2919,,
2920,,
2921,,
2922,,
2923,,
2924,,
2925,,
2926,,
2927,,
2928,,
2929,,
2930,,
2931,,
2932,,
2933,,
2934,,
2935,,
2936,,
2937,,
2938,,
2939,,
2940,,
2941,,
2942,,
2943,,
2944,,
2945,,
2946,,
2947,,
2948,,
2949,,
2950,,
2951,,
2952,,
2953,,
2954,,
2955,,
2956,,
2957,,
2958,,
2959,,
2960,,
2961,,
2962,,
2963,,
2964,,
2965,,
2966,,
2967,,
2968,,
2969,,
2970,,
2971,,
2972,,
2973,,
2974,,
2975,,
2976,,
2977,,
2978,,
2979,,
2980,,
2981,,
2982,,
2983,,
2984,,
2985,,
2986,,
2987,,
2988,,
2989,,
2990,,
2991,,
2992,,
2993,,
2994,,
2995,,
2996,,
2997,,
2998,,
2999,,
3000,,
3001,,
3002,,
3003,,
3004,,
3005,,
3006,,
3007,,
3008,,
3009,,
3010,,
3011,,
3012,,
3013,,
3014,,
3015,,
3016,,
3017,,
3018,,
3019,,
3020,,
3021,,
3022,,
3023,,
3024,,
3025,,
3026,,
3027,,
3028,,
3029,,
3030,,
3031,,
3032,,
3033,,
3034,,
3035,,
3036,,
3037,,
3038,,
3039,,
3040,,
3041,,
3042,,
3043,,
3044,,
3045,,
3046,,
3047,,
3048,,
3049,,
3050,,
3051,,
3052,,
3053,,
3054,,
3055,,
3056,,
3057,,
3058,,
3059,,
3060,,
3061,,
3062,,
3063,,
3064,,
3065,,
3066,,
3067,,
3068,,
3069,,
3070,,
3071,,
3072,,
3073,,
3074,,
3075,,
3076,,
3077,,
3078,,
3079,,
3080,,
3081,,
3082,,
3083,,
3084,,
3085,,
3086,,
3087,,
3088,,
3089,,
3090,,
3091,,
3092,,
3093,,
3094,,
3095,,
3096,,
3097,,
3098,,
3099,,
3100,,
3101,,
3102,,
3103,,
3104,,
3105,,
3106,,
3107,,
3108,,
3109,,
3110,,
3111,,
3112,,
3113,,
3114,,
3115,,
3116,,
3117,,
3118,,
3119,,
3120,,
3121,,
3122,,
3123,,
3124,,
3125,,
3126,,
3127,,
3128,,
3129,,
3130,,
3131,,
3132,,
3133,,
3134,,
3135,,
3136,,
3137,,
3138,,
3139,,
3140,,
3141,,
3142,,
3143,,
3144,,
3145,,
3146,,
3147,,
3148,,
3149,,
3150,,
3151,,
3152,,
3153,,
3154,,
3155,,
3156,,
3157,,
3158,,
3159,,
3160,,
3161,,
3162,,
3163,,
3164,,
3165,,
3166,,
3167,,
3168,,
3169,,
3170,,
3171,,
3172,,
3173,,
3174,,
3175,,
3176,,
3177,,
3178,,
3179,,
3180,,
3181,,
3182,,
3183,,
3184,,
3185,,
3186,,
3187,,
3188,,
3189,,
3190,,
3191,,
3192,,
3193,,
3194,,
3195,,
3196,,
3197,,
3198,,
3199,,
3200,,
3201,,
3202,,
3203,,
3204,,
3205,,
3206,,
3207,,
3208,,
3209,,
3210,,
3211,,
3212,,
3213,,
3214,,
3215,,
3216,,
3217,,
3218,,
3219,,
3220,,
3221,,
3222,,
3223,,
3224,,
3225,,
3226,,
3227,,
3228,,
3229,,
3230,,
3231,,
3232,,
3233,,
3234,,
3235,,
3236,,
3237,,
3238,,
3239,,
3240,,
3241,,
3242,,
3243,,
3244,,
3245,,
3246,,
3247,,
3248,,
3249,,
3250,,
3251,,
3252,,
3253,,
3254,,
3255,,
3256,,
3257,,
3258,,
3259,,
3260,,
3261,,
3262,,
3263,,
3264,,
3265,,
3266,,
3267,,
3268,,
3269,,
3270,,
3271,,
3272,,
3273,,
3274,,
3275,,
3276,,
3277,,
3278,,
3279,,
3280,,
3281,,
3282,,
3283,,
3284,,
3285,,
3286,,
3287,,
3288,,
3289,,
3290,,
3291,,
3292,,
3293,,
3294,,
3295,,
3296,,
3297,,
3298,,
3299,,
3300,,
3301,,
3302,,
3303,,
3304,,
3305,,
3306,,
3307,,
3308,,
3309,,
3310,,
3311,,
3312,,
3313,,
3314,,
3315,,
3316,,
3317,,
3318,,
3319,,
3320,,
3321,,
3322,,
3323,,
3324,,
3325,,
3326,,
3327,,
3328,,
3329,,
3330,,
3331,,
3332,,
3333,,
3334,,
3335,,
3336,,
3545,,
3546,,
3547,,
3548,,
3549,,
3550,,
3551,,
3552,,
3553,,
3554,,
3555,,
3556,,
3557,,
3558,,
3559,,
3560,,
3561,,
3562,,
3563,,
3564,,
3565,,
3566,,
3567,,
3568,,
3569,,
3570,,
3571,,
3572,,
3573,,
3574,,
3575,,
3576,,
3577,,
3578,,
3579,,
3580,,
3581,,
3582,,
3583,,
3584,,
3585,,
3586,,
3587,,
3588,,
3596,,
3597,,
3598,,
3599,,
3600,,
3601,,
3602,,
3603,,
3604,,
3605,,
3606,,
3607,,
3608,,
3609,,
3610,,
3611,,
3612,,
3613,,
3614,,
3615,,
3616,,
3617,,
3618,,
3619,,
3620,,
3621,,
3622,,
3623,,
3624,,
3625,,
3626,,
3627,,
3628,,
3629,,
3630,,
3631,,
3632,,
3633,,
3634,,
3635,,
3636,,
3637,,
3638,,
3639,,
3647,,
3648,,
3649,,
3650,,
3651,,
3652,,
3653,,
3654,,
3655,,
3656,,
3657,,
3658,,
3659,,
3660,,
3661,,
3662,,
3663,,
3664,,
3665,,
3666,,
3667,,
3668,,
3669,,
3670,,
3671,,
3672,,
3673,,
3674,,
3675,,
3676,,
3677,,
3678,,
3679,,
3680,,
3681,,
3682,,
3683,,
3684,,
3685,,
3686,,
3687,,
3688,,
3689,,
3690,,
3698,,
3699,,
3700,,
3701,,
3702,,
3703,,
3704,,
3705,,
3706,,
3707,,
3708,,
3709,,
3710,,
3711,,
3712,,
3713,,
3714,,
3715,,
3716,,
3717,,
3718,,
3719,,
3720,,
3721,,
3722,,
3723,,
3724,,
3725,,
3726,,
3727,,
3728,,
3729,,
3730,,
3731,,
3732,,
3733,,
3734,,
3735,,
3736,,
3737,,
3738,,
3739,,
3740,,
3741,,
3797,,
3798,,
3799,,
3800,,
3801,,
3802,,
3803,,
3804,,
3805,,
3806,,
3807,,
3808,,
3809,,
3810,,
3811,,
3812,,
3813,,
3814,,
3815,,
3816,,
3817,,
3818,,
3819,,
3820,,
3821,,
3822,,
3823,,
3824,,
3825,,
3826,,
3827,,
3828,,
3829,,
3830,,
3831,,
3832,,
3833,,
3834,,
3835,,
3836,,
3837,,
3838,,
3839,,
3840,,
3841,,
3842,,
3843,,
3844,,
5004,Bald and Beautiful,
5005,Patrician,
5006,Masquerade,
5007,Vigor,
5008,Noble,
5009,Cascade,
5010,Aristocrat,
5011,,
5012,,
5013,,
5014,,
5015,,
5016,,
5017,,
5018,,
5019,,
5020,,
5021,,
5022,,
5023,,
5024,,
5025,,
5026,,
5027,,
5028,,
5029,,
5058,Highborn,
5059,Vogue,
5060,Regal,
5061,Simple Elegance,
5062,Vim,
5063,Topknot,
5064,,
5065,,
5066,,
5067,,
5068,,
5069,,
5070,,
5071,,
5072,,
5073,,
5074,,
5075,,
5076,,
5077,,
5078,,
5079,,
5080,,
5081,,
5082,,
5083,,
5084,,
5085,,
5117,Dauntless,
5118,Confident,
5119,Bull Rush,
5120,Young Buck,
5121,Wide Load,
5122,,
5123,,
5124,Clean,
5125,Long Braid,
5126,Braid,
5127,Double Braids,
5128,Triple Braids,
5129,,
5130,,
5131,,
5132,,
5133,,
5134,,
5135,,
5136,,
5137,,
5138,,
5139,,
5140,,
5141,,
5142,,
5143,,
5144,,
5145,,
5146,,
5147,,
5178,Flourish,
5179,Subtle,
5180,Feathered,
5181,Practical,
5182,Natural,
5183,,
5184,,
5185,Maned,
5186,Fancy Braids,
5187,Tufts,
5188,Tails,
5189,Long Braids,
5190,,
5191,,
5192,,
5193,,
5194,,
5195,,
5196,,
5197,,
5198,,
5199,,
5200,,
5201,,
5202,,
5203,,
5204,,
5205,,
5206,,
5207,,
5250,Warped,
5251,Foehawk,
5252,Transience,
5253,Dark Tides,
5254,Unkempt,
5255,Agony,
5256,Gentle Sadness,
5257,Suffusion,
5258,Brooding,
5259,Widowmaker,
5260,Restraint,
5261,Flayer,
5262,,
5263,,
5264,,
5265,,
5266,,
5267,,
5268,,
5269,,
5270,,
5271,,
5272,,
5273,,
5274,,
5275,,
5276,,
5277,,
5278,,
5279,,
5280,,
5281,,
5282,,
5283,,
5284,,
5285,,
5286,,
5287,,
5288,,
5289,,
5290,,
5291,,
5336,Elegance,
5337,Consuming Shadows,
5338,Awoken,
5339,Controlled Chaos,
5340,Unleashed,
5341,Melancholy,
5342,Wicked,
5343,Falling Tears,
5344,Pensive,
5345,Scandal,
5346,,
5347,,
5348,,
5349,,
5350,,
5351,,
5352,,
5353,,
5354,,
5355,,
5356,,
5357,,
5358,,
5366,,
5367,,
5368,,
5369,,
5370,,
5371,,
5372,,
5373,,
5374,,
5375,,
5376,,
5377,,
5378,,
5379,,
5423,Swooping Tail,
5424,Long Tail,
5425,Brusque,
5426,Marsuul Tail,
5427,Cascade,
5428,Valiant,
5429,,
5430,,
5431,,
5432,,
5433,,
5434,,
5435,,
5436,,
5437,,
5438,,
5439,,
5440,,
5441,,
5442,,
5443,,
5444,,
5445,,
5446,,
5447,,
5448,,
5449,,
5450,,
5451,,
5452,,
5453,,
5454,,
5455,,
5456,,
5457,,
5458,,
5459,,
5460,,
5461,,
5462,,
5463,,
5464,,
5465,,
5500,Mac'Aree Dreams,
5501,Bouffant,
5502,Slicked,
5503,Chic,
5504,Adventurer,
5505,Graceful,
5506,Fashion Forward,
5507,,
5508,,
5509,,
5510,,
5511,,
5512,,
5513,,
5514,,
5515,,
5516,,
5517,,
5518,,
5519,,
5520,,
5521,,
5522,,
5523,,
5524,,
5525,,
5526,,
5527,,
5528,,
5529,,
5530,,
5531,,
5532,,
5533,,
5534,,
5535,,
5536,,
5537,,
5538,,
5539,,
5540,,
5541,,
5542,,
5543,,
5547,,
5548,,
5549,,
5550,,
5551,,
5552,,
5553,,
5555,Hunched,
5556,Upright,
5807,,
5808,,
5809,,
5810,,
5811,,
5812,,
5813,,
5814,,
5815,,
5816,,
5817,,
5818,,
5819,,
5820,,
5821,,
5822,,
5823,,
5824,,
5825,,
5826,,
5827,,
5828,,
5829,,
5830,,
5831,,
5832,,
5833,,
5834,,
5835,,
5836,,
5837,,
5838,,
5839,,
5840,,
5841,,
5842,,
5843,,
5844,,
5845,,
5846,,
5847,,
5848,,
5849,,
5850,,
5851,,
5852,,
5853,,
5854,,
5855,,
5856,,
5857,,
5858,,
5859,,
5860,,
5861,,
5862,,
5863,,
5864,,
5865,,
5866,,
5867,,
5868,,
5869,,
5870,,
5871,,
5872,,
5873,,
5874,,
5875,,
5876,,
5877,,
5878,,
5879,,
5880,,
5881,,
5882,,
5883,,
5884,,
5885,,
5886,,
5887,,
5888,,
5889,,
5890,,
5891,,
5892,,
5893,,
5894,,
5895,,
5896,,
5897,,
5898,,
5899,,
5900,,
5901,,
5902,,
5903,,
5904,,
5905,,
5906,,
5907,,
5908,,
5909,,
5910,,
5911,,
5912,,
5913,,
5914,,
5915,,
5916,,
5917,,
5918,,
5919,,
5920,,
5921,,
5922,,
5923,,
5924,,
5925,,
5926,,
5927,,
5928,,
5929,,
5930,,
5931,,
5932,,
5933,,
5934,,
5935,,
5936,,
5937,,
5938,,
5939,,
5940,,
5941,,
5942,,
5943,,
5944,,
5945,,
5946,,
5947,,
5948,,
5949,,
5950,,
5951,,
5952,,
5953,,
5954,,
5955,,
5956,,
5957,,
5958,,
5959,,
5960,,
5961,,
5962,,
5963,,
5964,,
5965,,
5966,,
5967,,
5968,,
5969,,
5970,,
5971,,
5972,,
5973,,
5974,,
5975,,
5976,,
5977,,
5978,,
5979,,
5980,,
5981,,
5982,,
5983,,
5984,,
5985,,
5986,,
5987,,
5988,,
5989,,
5990,,
5991,,
5992,,
5993,,
5994,,
5995,,
5996,,
5997,,
5998,,
5999,,
6000,,
6001,,
6002,,
6003,,
6004,,
6005,,
6006,,
6007,,
6008,,
6009,,
6010,,
6011,,
6012,,
6013,,
6014,,
6015,,
6016,,
6017,,
6018,,
6019,,
6020,,
6021,,
6022,,
6023,,
6024,,
6025,,
6026,,
6027,,
6028,,
6029,,
6030,,
6031,,
6032,,
6033,,
6034,,
6035,,
6036,,
6037,,
6038,,
6039,,
6040,,
6041,,
6042,,
6043,,
6044,,
6045,,
6046,,
6047,,
6048,,
6049,,
6050,,
6051,,
6052,,
6053,,
6054,,
6055,,
6056,,
6057,,
6058,,
6059,,
6060,,
6061,,
6062,,
6157,Hunched,
6158,Upright,
6867,,
6868,,
6869,,
6870,,
6871,Extinguished,
6872,Molten Flow,
6873,Receding Flame Line,
6874,Smolder,
6875,Braidhawk,
6876,Short Fuse,
6877,Blaze,
6878,Flame Whirl,
6879,,
6880,,
6881,,
6882,,
6883,,
6884,,
6885,,
6886,,
6887,,
6888,,
6889,,
6890,,
6891,,
6892,,
6893,,
6894,,
6895,,
6896,,
6897,,
6898,,
6899,,
6900,,
6901,,
6902,,
6903,,
6904,,
6905,,
6906,,
6907,,
6908,,
6909,,
6910,,
6911,,
6912,Blaze,
6913,Dreadful,
6914,Smolder,
6915,Double Fuse,
6916,Messy Tail,
6917,Long Fuse,
6918,Molten Flow,
6919,Fiery Maiden,
6920,Sassy,
6921,Classy,
6922,,
6923,,
6924,,
6925,,
6926,,
6927,,
6928,,
6929,,
6930,,
6931,,
6932,,
6933,,
6934,,
6935,,
6936,,
6937,,
6938,,
6939,,
6940,,
6941,,
6942,,
6943,,
6944,,
6945,,
6946,,
6947,,
6948,,
6949,Bald,
6950,Majestic,
6951,Unbound,
6952,Veteran,
6953,Dreadnaught,
6954,Foehawk,
6955,Savage,
6956,Crude,
6957,,
6958,,
6959,,
6960,,
6961,,
6962,,
6963,,
6964,,
6965,,
6966,,
6967,,
6968,,
6969,,
6970,,
6971,,
6972,,
6973,,
6974,,
6975,,
6976,,
6977,,
6978,,
6979,,
6980,,
6981,,
6982,,
6983,Savage,
6984,Boar Tails,
6985,Majestic,
6986,Unbridled,
6987,Strong,
6988,Gronn Breaker,
6989,Sleek,
6990,Dreadnaught,
6991,,
6992,,
6993,,
6994,,
6995,,
6996,,
6997,,
6998,,
6999,,
7000,,
7001,,
7002,,
7003,,
7004,,
7005,,
7006,,
7007,,
7008,,
7009,,
7010,,
7011,,
7012,,
7013,,
7014,,
7015,,
7017,Extinguished,
7018,Emperor,
7019,Enforcer,
7020,Spike,
7021,Breath of Pa'ku,
7022,Jani's Favor,
7023,On the Prowl,
7024,Ancient Empire,
7025,Zocalo,
7026,De King,
7027,Raptor Whip,
7028,Regal,
7029,The Gral,
7036,Foehawk,
7037,Daggertail,
7038,Burial Mound,
7039,Arcanital,
7040,Warbraid,
7041,Kill Count,
7042,Rastari,
7043,Ravasaur Nest,
7044,Headhunter,
7045,Zandalar Forever,
7046,Clydesdale,
7047,Bouffant,
7048,Ship Shape,
7049,The Wave,
7050,Admiralty,
7051,Fishtail,
7052,Pearl of the Sea,
7053,Adrift,
7054,Beach Waves,
7055,Swabbed,
7056,Point Break,
7057,Low Tide,
7058,Tradewinds,
7059,Tail Wind,
7060,Caspian,
7061,,
7062,,
7063,,
7064,,
7065,,
7066,,
7067,,
7068,,
7069,,
7070,,
7071,,
7072,,
7073,,
7074,,
7075,,
7076,,
7077,,
7078,,
7079,,
7080,,
7081,,
7082,,
7083,,
7084,,
7085,,
7086,,
7173,,
7174,,
7175,,
7176,,
7177,,
7178,,
7179,,
7180,,
7181,,
7182,,
7183,,
7184,,
7185,,
7186,,
7187,,
7188,,
7189,,
7190,,
7191,,
7192,,
7193,,
7194,,
7195,,
7196,,
7197,,
7198,,
7199,,
7200,,
7201,,
7202,,
7203,,
7204,,
7205,,
7206,,
7207,,
7208,,
7209,,
7210,,
7211,,
7212,,
7213,,
7214,,
7215,,
7216,,
7217,,
7218,,
7219,,
7220,,
7221,,
7222,,
7223,,
7224,,
7225,,
7226,,
7227,Clean Shaven,
7228,Handlebar,
7229,Chin,
7230,Groomed,
7231,Goatee,
7232,Mutton Chops,
7233,Full Beard,
7234,Sideburns and Goatee,
7235,Mustache and Goatee,
7236,Mustache and Chin,
7237,Sideburns and Mustache,
7238,,
7239,,
7240,,
7241,,
7242,,
7243,,
7244,,
7245,,
7246,,
7247,,
7248,,
7249,,
7250,,
7251,,
7252,,
7253,,
7254,,
7255,,
7256,,
7257,,
7258,,
7265,,
7266,,
7267,,
7268,,
7269,,
7270,,
7271,,
7272,,
7273,,
7274,,
7275,,
7324,Full Beard and Mustache,
7325,No Necklace,
7326,Shell Necklace,
7327,Gold Necklace,
7328,Pearl Necklace,
7329,Shell Necklace,
7330,Aquamarine Necklace,
7331,Pearl Necklace,
7332,No Earrings,
7333,Hoop Earrings,
7334,Pearl Earrings,
7335,Aquamarine Earrings,
7336,Small Pearl Earrings,
7337,Dangling Aquamarine Earrings,
7338,Small Hoop Earrings,
7341,,
7342,,
7351,,
7352,,
7353,,
7354,,
7355,,
7356,,
7357,,
7358,,
7359,Desert,
7360,Desert,
7361,Forest,
7362,Plains,
7363,Forest,
7364,Plains,
7365,,
7366,,
7367,,
7368,,
7369,,
7370,,
7371,,
7372,,
7373,,
7374,,
7375,,
7376,,
7377,,
7378,,
7379,,
7380,,
7381,,
7382,,
7383,,
7384,Nomad,
7512,Waxed,
7513,Head Gasket,
7514,Impish,
7515,G.O.A.T.,
7516,Hotrod,
7517,Inventor,
7518,,
7519,Clean,
7520,Propeller,
7521,Handlebar,
7522,Prospector,
7523,The Show,
7524,Walrus,
7525,,
7526,,
7527,,
7528,,
7529,,
7530,,
7531,,
7532,,
7533,,
7534,,
7535,,
7536,,
7537,,
7538,,
7539,,
7540,,
7541,,
7542,,
7543,,
7544,,
7545,,
7546,,
7547,,
7548,,
7549,,
7550,,
7551,,
7552,,
7553,,
7554,,
7555,,
7556,,
7557,,
7558,,
7559,,
7560,,
7561,,
7562,,
7563,,
7564,,
7565,,
7566,,
7567,,
7568,,
7569,,
7570,,
7571,Bunches,
7572,Victory Curls,
7573,Bouffant,
7574,Pistons,
7575,Rocker,
7576,Crankshaft,
7577,Mad Pixie,
7578,Soft Waves,
7579,,
7580,,
7581,,
7582,,
7583,,
7584,,
7585,,
7586,,
7587,,
7588,,
7589,,
7590,,
7591,,
7592,,
7593,,
7594,,
7595,,
7596,,
7597,,
7598,,
7599,,
7600,,
7601,,
7602,,
7603,,
7604,,
7605,,
7606,,
7607,,
7608,,
7609,,
7610,,
7611,,
7612,,
7613,,
7614,,
7615,,
7616,,
7617,,
7618,,
7619,,
7620,,
7621,,
7622,,
7623,,
7624,,
7625,,
7626,Wanderer,
7627,Modest,
7628,Compact,
7629,Edgy,
7630,Sharp,
7631,Windswept,
7632,Rakish,
7633,Scoundrel,
7634,Scruffy,
7635,Marauder,
7636,Predatory,
7637,,
7638,,
7639,,
7640,,
7641,,
7642,,
7643,,
7644,,
7645,,
7646,,
7647,,
7648,,
7649,,
7650,,
7651,Exotic,
7652,Desert,
7653,Edgy,
7654,Sharp,
7655,Capricious,
7656,Vigilant,
7657,Whimsical,
7658,Relaxed,
7659,Bound,
7660,Curled,
7661,Scoundrel,
7662,Scruffy,
7663,Fierce,
7664,Scarred,
7665,Adorned,
7666,Classical,
7667,,
7668,,
7669,,
7670,,
7671,,
7672,,
7673,,
7674,,
7675,,
7676,,
7677,,
7678,,
7679,,
7680,,
7681,,
7682,,
7683,,
7684,,
7685,,
7686,,
7687,,
7688,Hairodynamic,
