ID,SourceText_lang
1,|cFFFFD200Drop: |rWorld Drop
4,|cFFFFD200Black Market Auction House|r
5,|cFFFFD200Black Market Auction House|r
7,|cFFFFD200Black Market Auction House|r
9,|cFFFFD200Holiday: |rLove is in the Air|n|cFFFFD200Vendor: |rLovely Merchant|n|cFFFFD200Zone: |rCapital Cities|n|cFFFFD200Cost: |r10|TINTERFACE\ICONS\INV_VALENTINESCARD01.BLP:0|t|n|n
12,|cFFFFD200Promotion|r
16,|cFFFFD200Vendor: |rTex Vortacoil|n|cFFFFD200Zone: |rAzshara|n|cFFFFD200Cost: |r5000|TINTERFACE\MONEYFRAME\UI-GOLDICON.BLP:0|t
17,|cFFFFD200Vendor: |rAyla Shadowstorm|n|cFFFFD200Zone: |rMolten Front|n|cFFFFD200Cost: |r500|TINTERFACE\MONEYFRAME\UI-GOLDICON.BLP:0|t
18,|cFFFFD200World Event:|r Hallow's End|n|cFFFFD200Vendor: |rChub / Dorothy|n|cFFFFD200Zone: |rTirisfal Glades / Stormwind City|n|cFFFFD200Cost: |r150|TINTERFACE\ICONS\ACHIEVEMENT_HALLOWEEN_CANDY_01.BLP:0|t|n|n
19,|cFFFFD200Promotion|r
20,|cFFFFD200Drop: |rPandaria
21,|cFFFFD200Drop: |rYorik Sharpeye|n|cFFFFD200Zone: |rVale of Eternal Blossoms
22,|cFFFFD200Drop: |rKang the Soul Thief|n|cFFFFD200Zone: |rVale of Eternal Blossoms
23,|cFFFFD200Drop: |rHavak|n|cFFFFD200Zone: |rKun-Lai Summit
24,|cFFFFD200Drop: |rUrgolax|n|cFFFFD200Zone: |rVale of Eternal Blossoms
25,|cFFFFD200Drop: |rSki'thik|n|cFFFFD200Zone: |rKun-Lai Summit
29,|cFFFFD200Quest: |rElune's Blessing|n|cFFFFD200Zone: |rMoonglade
30,
33,|cFFFFD200Profession: |rArchaeology
34,"|cFFFFD200Vendor: |rOlut Alegut, Rork Sharpchin|n|cFFFFD200Zone: |rThe Storm Peaks|n|cFFFFD200Cost: |r10|TINTERFACE\ICONS\INV_MISC_RUNE_14.BLP:0|t"
99,|cFFFFD200Drop: |rTerokk|n|cFFFFD200Zone: |rTerokkar Forest
100,|cFFFFD200Black Market Auction House|r
101,|cFFFFD200Drop: |rNorthrend - World Drop
102,|cFFFFD200Promotion|r
103,|cFFFFD200Achievement: |rThe Coin Master|n|cFFFFD200Category: |rFishing
109,|cFFFFD200World Event:|r Feast of Winter Veil
110,|cFFFFD200Promotion|r
111,|cFFFFD200Promotion|r
112,|cFFFFD200Quest: |rMuradin's Lament|n|cFFFFD200Zone: |rIcecrown Citadel
114,|cFFFFD200Quest: |rSylvanas' Vengeance|n|cFFFFD200Zone: |rIcecrown Citadel
116,|cFFFFD200Profession: |rArchaeology
117,|cFFFFD200Profession: |rArchaeology
118,|cFFFFD200Profession: |rArchaeology
119,|cFFFFD200Profession: |rArchaeology
120,|cFFFFD200Profession: |rArchaeology
121,|cFFFFD200Profession: |rArchaeology
122,|cFFFFD200Profession: |rArchaeology
123,|cFFFFD200Profession: |rArchaeology
124,|cFFFFD200Profession: |rArchaeology
125,|cFFFFD200Vendor: |rMeilosh|n|cFFFFD200Zone: |rFelwood|n|cFFFFD200Faction: |rTimbermaw Hold - Exalted|n|cFFFFD200Cost: |r75|TINTERFACE\MONEYFRAME\UI-GOLDICON.BLP:0|t
126,|cFFFFD200World Event: |rChildren's Week|n|cFFFFD200Vendor: |rBlax Bottlerocket / Craggle Wobbletop|n|cFFFFD200Zone: |rOrgrimmar / Stormwind City|n|cFFFFD200Cost: |r10|TINTERFACE\MONEYFRAME\UI-SILVERICON.BLP:0|t
127,|cFFFFD200Promotion|r
128,|cFFFFD200Promotion|r
129,|cFFFFD200Drop: |rZai the Outcast|n|cFFFFD200Zone: |rKun-Lai Summit
131,|cFFFFD200Drop: |rNessos the Oracle|n|cFFFFD200Zone: |rKun-Lai Summit
132,|cFFFFD200Drop: |rMoldo One-Eye|n|cFFFFD200Zone: |rVale of Eternal Blossoms
133,|cFFFFD200Drop: |rAhone the Wanderer|n|cFFFFD200Zone: |rKun-Lai Summit
134,|cFFFFD200Drop: |rAi-Li Skymirror|n|cFFFFD200Zone: |rDread Wastes
135,|cFFFFD200Drop: |rAi-Ran the Shifting Cloud|n|cFFFFD200Zone: |rVale of Eternal Blossoms
136,|cFFFFD200Drop: |rBonobos|n|cFFFFD200Zone: |rValley of the Four Winds
137,|cFFFFD200Drop: |rIk-Ik the Nimble|n|cFFFFD200Zone: |rDread Wastes
139,|cFFFFD200Achievement: |rLearning from the Best|n|cFFFFD200Category: |rFishing
140,|cFFFFD200Achievement: |rPub Crawl|n|cFFFFD200Category: |rMists of Pandaria
142,|cFFFFD200Vendor: |rGina Mudclaw|n|cFFFFD200Zone: |rValley of the Four Winds|n|cFFFFD200Faction: |rThe Tillers - Exalted|n|cFFFFD200Cost: |r250|TINTERFACE\MONEYFRAME\UI-GOLDICON.BLP:0|t
143,|cFFFFD200World Event: |rFeast of Winter Veil
144,|cFFFFD200World Event: |rFeast of Winter Veil
145,|cFFFFD200Vendor: |rGelvas Grimegate|n|cFFFFD200Zone: |rDarkmoon Island|n|cFFFFD200Cost: |r10|TINTERFACE\MONEYFRAME\UI-SILVERICON.BLP:0|t
147,|cFFFFD200Given By: |rOrsur|n|cFFFFD200Zone: |rRavenholdt Manor
148,|cFFFFD200Drop: |rRa'sha|n|cFFFFD200Zone: |rIsle of Thunder
151,|cFFFFD200Achievement: |rTortos Hidden Geyser Achievement|n|cFFFFD200Category: |rPandaria Raid
152,|cFFFFD200Drop: |rGastropod|n|cFFFFD200Zone: |rThrone of Thunder
153,|cFFFFD200Vendor: |rSpeaker Gulan|n|cFFFFD200Zone: |rTimeless Isle
154,|cFFFFD200Vendor: |rMistweaver Ku|n|cFFFFD200Zone: |rTimeless Isle|n|cFFFFD200Faction: |rEmperor Shaohao - Revered
155,|cFFFFD200Drop: |rEroded Cliffdweller|n|cFFFFD200Zone: |rTimeless Isle
156,|cFFFFD200Drop: |rChampion of the Black Flame|n|cFFFFD200Zone: |rTimeless Isle
157,|cFFFFD200Drop: |rEternal Kilnmaster|n|cFFFFD200Zone: |rTimeless Isle
158,|cFFFFD200World Event: |rFeast of Winter Veil
159,|cFFFFD200Vendor: |rWorld Vendors|n|cFFFFD200Cost: |r40|TINTERFACE\MONEYFRAME\UI-GOLDICON.BLP:0|t
160,|cFFFFD200Vendor: |rWorld Vendors|n|cFFFFD200Cost: |r40|TINTERFACE\MONEYFRAME\UI-GOLDICON.BLP:0|t
161,|cFFFFD200Drop: |rHigh Priest of Ordos|n|cFFFFD200Zone: |rTimeless Isle
162,|cFFFFD200Drop: |rJakur of Ordon|n|cFFFFD200Zone: |rTimeless Isle
164,|cFFFFD200World Event: |rDarkmoon Faire|n|cFFFFD200Drop: |rMoonfang|n|cFFFFD200Zone: |rDarkmoon Island
165,|cFFFFD200Drop: |rDread Ship Vazuvius|n|cFFFFD200Zone: |rTimeless Isle|n
168,|cFFFFD200World Event: |r Zalazane's Fall
169,|cFFFFD200World Event:|r Lunar Festival|n|n|cFFFFD200Vendor: |rFariel Starsong|n|cFFFFD200Zone: |rMoonglade|n|cFFFFD200Cost: |r25|TINTERFACE\ICONS\INV_MISC_ELVENCOINS.BLP:0|t
170,|cFFFFD200Vendor: |rWorld Vendors|n|cFFFFD200Cost: |r100|TINTERFACE\ICONS\INV_MISC_COIN_01.BLP:0|t
180,|cFFFFD200World Event: |r Operation: Gnomeregan
181,|cFFFFD200Source: |rLegacy of the Ancients
182,|cFFFFD200World Event:|r Lunar Festival|n|n|cFFFFD200Vendor: |rFariel Starsong|n|cFFFFD200Zone: |rMoonglade|n|cFFFFD200Cost: |r25|TINTERFACE\ICONS\INV_MISC_ELVENCOINS.BLP:0|t
183,|cFFFFD200Vendor: |rWorld Vendors|n|cFFFFD200Cost: |r40|TINTERFACE\MONEYFRAME\UI-GOLDICON.BLP:0|t
184,|cFFFFD200Vendor: |rWorld Vendors|n|cFFFFD200Cost: |r10|TINTERFACE\MONEYFRAME\UI-GOLDICON.BLP:0|t
185,|cFFFFD200Vendor: |rWorld Vendors|n|cFFFFD200Cost: |r10|TINTERFACE\MONEYFRAME\UI-GOLDICON.BLP:0|t
186,|cFFFFD200Vendor: |rWorld Vendors|n|cFFFFD200Cost: |r250|TINTERFACE\MONEYFRAME\UI-GOLDICON.BLP:0|t
187,|cFFFFD200Vendor: |rWorld Vendors|n|cFFFFD200Cost: |r250|TINTERFACE\MONEYFRAME\UI-GOLDICON.BLP:0|t
188,|cFFFFD200Profession: |rArchaeology
189,|cFFFFD200Vendor: |rDame Evniki Kapsalis|n|cFFFFD200Zone: |rIcecrown
190,|cFFFFD200Drop: |rHuggalon the Heart Watcher|n|cFFFFD200Zone: |rTownlong Steppes
191,"|cFFFFD200Vendor: |rLenny ""Fingers"" McCoy|n|cFFFFD200Zone: |rStormwind City|n|cFFFFD200Cost: |r200|TINTERFACE\MONEYFRAME\UI-GOLDICON.BLP:0|t"
192,|cFFFFD200Vendor: |rMidsummer Merchant|n|cFFFFD200Zone: |rCapital Cities|n|cFFFFD200Cost: |r350|TINTERFACE\ICONS\INV_SUMMERFEST_FIREFLOWER.BLP:0|t|n|n
193,|cFFFFD200Vendor: |rBrewfest Vendors|n|cFFFFD200Cost: |r100|TINTERFACE\ICONS\INV_MISC_COIN_01.BLP:0|t
194,|cFFFFD200Vendor: |rSan Redscale|n|cFFFFD200Zone: |rThe Jade Forest|n|cFFFFD200Faction: |rOrder of the Cloud Serpent - Revered|n|cFFFFD200Cost: |r1000|TINTERFACE\MONEYFRAME\UI-GOLDICON.BLP:0|t
195,|cFFFFD200World Event: |rFeast of Winter Veil
196,|cFFFFD200Profession: |rEngineering
197,|cFFFFD200Quest: |rChoking the Skies|n|cFFFFD200Zone: |rTownlong Steppes
198,|cFFFFD200Vendor: |rRook Hawkfist|n|cFFFFD200Zone: |rIcecrown
199,|cFFFFD200Drop: |rRogue Pickpocketing
200,|cFFFFD200Vendor: |rIrisee|n|cFFFFD200Zone: |rIcecrown
201,|cFFFFD200Vendor: |rNam Ironpaw|n|cFFFFD200Zone: |rValley of the Four Winds|n|cFFFFD200Cost: |r3|TINTERFACE\MONEYFRAME\UI-GOLDICON.BLP:0|t59|TINTERFACE\MONEYFRAME\UI-SILVERICON.BLP:0|t65|TINTERFACE\MONEYFRAME\UI-COPPERICON.BLP:0|t
202,|cFFFFD200Black Market Auction House|r
203,|cFFFFD200Promotion|r
204,|cFFFFD200Vendor: |rSally Fizzlefury|n|cFFFFD200Zone: |rValley of the Four Winds|n|cFFFFD200Cost: |r1000|TINTERFACE\MONEYFRAME\UI-GOLDICON.BLP:0|t
205,|cFFFFD200Source: |rDisgusting Jar|n|cFFFFD200Vendor: |rTanak|n|cFFFFD200Zone: |rSholazar Basin
206,|cFFFFD200Quest: |rSecuring A Future|n|cFFFFD200Zone: |rIsle of Thunder
207,|cFFFFD200Quest: |rLife Blood|n|cFFFFD200Zone: |rIsle of Thunder
208,|cFFFFD200Vendor: |rRillie Spindlenut|n|cFFFFD200Zone: |rIcecrown
209,|cFFFFD200Profession: |rEngineering(425)
210,|cFFFFD200Black Market Auction House|r
211,|cFFFFD200Quest: |rPromises of Gold|n|cFFFFD200Zone: |rDread Wastes
212,|cFFFFD200Profession: |rArchaeology
213,|cFFFFD200Quest: |rA Monkey Idol|n|cFFFFD200Zone: |rKun-Lai Summit
214,|cFFFFD200Black Market Auction House|r
215,|cFFFFD200Promotion|r
216,|cFFFFD200Quest: |rRaising Spirits|n|cFFFFD200Zone: |rTownlong Steppes
217,|cFFFFD200Vendor: |rDerrick Brindlebeard|n|cFFFFD200Zone: |rIcecrown
218,|cFFFFD200Quest: |rHoled Up|n|cFFFFD200Zone: |rKun-Lai Summit
219,|cFFFFD200Quest: |rZhu's Despair|n|cFFFFD200Zone: |rKrasarang Wilds
220,|cFFFFD200Drop: |rDoctor Theolen Krastinov|n|cFFFFD200Zone: |rScholomance
221,|cFFFFD200Quest: |rDo a Barrel Roll!|n|cFFFFD200Zone: |rKun-Lai Summit
222,|cFFFFD200Quest: |rThe Rest is History|n|cFFFFD200Zone: |rMoonglade
223,|cFFFFD200Drop: |rWorld Drop
224,|cFFFFD200World Event: |rDarkmoon Faire|n|cFFFFD200Drop: |rMoonfang|n|cFFFFD200Zone: |rDarkmoon Island
225,|cFFFFD200Vendor: |rVarlan Highbough|n|cFFFFD200Zone: |rMolten Front|n|cFFFFD200Cost: |r3500|TINTERFACE\MONEYFRAME\UI-GOLDICON.BLP:0|t
226,|cFFFFD200Black Market Auction House|r
227,|cFFFFD200Drop: |rWorld Drop
228,|cFFFFD200Vendor: |rFreka Bloodaxe|n|cFFFFD200Zone: |rIcecrown
229,|cFFFFD200Vendor: |rGina Mudclaw|n|cFFFFD200Zone: |rValley of the Four Winds|n|cFFFFD200Faction: |rThe Tillers - Revered|n|cFFFFD200Cost: |r250|TINTERFACE\MONEYFRAME\UI-GOLDICON.BLP:0|t
230,|cFFFFD200Quest: |rShow Them Gnome Mercy!|n|cFFFFD200Zone: |rBlade's Edge Mountains
231,|cFFFFD200Treasure: |rGiant Draenor Clam |n|cFFFFD200Zone: |rFrostfire Ridge
232,|cFFFFD200Quest: |rRampaging Rodents|n|cFFFFD200Zone: |rValley of the Four Winds
233,|cFFFFD200Promotion|r
234,|cFFFFD200Vendor: |rSamamba|n|cFFFFD200Zone: |rIcecrown
235,|cFFFFD200Vendor: |rRavika|n|cFFFFD200Cost: |r10|TINTERFACE\MONEYFRAME\UI-GOLDICON.BLP:0|t
236,|cFFFFD200Quest: |rRaid Leader Slovan|n|cFFFFD200Zone: |rKrasarang Wilds
237,|cFFFFD200Vendor: |rTrellis Morningsun|n|cFFFFD200Zone: |rIcecrown
238,|cFFFFD200Quest: |rRoadside Assistance|n|cFFFFD200Zone: |rKun-Lai Summit
239,|cFFFFD200Profession: |rEngineering
240,|cFFFFD200Vendor: |rSally Fizzlefury|n|cFFFFD200Zone: |rValley of the Four Winds|n|cFFFFD200Cost: |r1000|TINTERFACE\MONEYFRAME\UI-GOLDICON.BLP:0|t
241,|cFFFFD200Vendor: |rCorporal Arthur Flew|n|cFFFFD200Zone: |rIcecrown
242,|cFFFFD200Quest: |rBuried Hozen Treasure|n|cFFFFD200Zone: |rKrasarang Wilds
243,|cFFFFD200World Event: |rLove is in the Air|n|cFFFFD200Drop: |rApothecary Hummel
244,|cFFFFD200Vendor: |rDoru Thunderhorn|n|cFFFFD200Zone: |rIcecrown
245,|cFFFFD200Vendor: |rPogg|n|cFFFFD200Zone: |rTol Barad Peninsula|n|cFFFFD200Faction: |rHellscream's Reach - Honored|n|cFFFFD200Cost: |r250|TINTERFACE\MONEYFRAME\UI-GOLDICON.BLP:0|t
246,|cFFFFD200Vendor: |rQuartermaster Brazie|n|cFFFFD200Zone: |rTol Barad Peninsula|n|cFFFFD200Faction: |rBaradin's Wardens - Honored|n|cFFFFD200Cost: |r250|TINTERFACE\MONEYFRAME\UI-GOLDICON.BLP:0|t
247,|cFFFFD200Quest: |rHatred Becomes Us|n|cFFFFD200Zone: |rTownlong Steppes
248,|cFFFFD200Quest: |rYellow and Red Make Orange|n|cFFFFD200Zone: |rValley of the Four Winds
249,|cFFFFD200Vendor: |rEliza Killian|n|cFFFFD200Zone: |rIcecrown
250,|cFFFFD200Source: |rBag of Fishing Treasures
251,|cFFFFD200Profession: |rArchaeology
252,|cFFFFD200Promotion|r
253,|cFFFFD200Black Market Auction House|r
254,|cFFFFD200Vendor: |rRavika|n|cFFFFD200Cost: |r25|TINTERFACE\MONEYFRAME\UI-GOLDICON.BLP:0|t
255,|cFFFFD200World Event: |rFeast of Winter Veil
256,|cFFFFD200Profession: |rEngineering
257,|cFFFFD200Drop: |rRogue Pickpocketing
258,|cFFFFD200Vendor: |rRavika|n|cFFFFD200Cost: |r5|TINTERFACE\MONEYFRAME\UI-GOLDICON.BLP:0|t
264,|cFFFFD200Vendor: |rChester|n|cFFFFD200Zone: |rDarkmoon Island
265,|cFFFFD200World Event: |rDarkmoon Faire|n|cFFFFD200Quest: |rBroken Promises
269,|cFFFFD200Vendor: |rBrewfest Vendors|n|cFFFFD200Cost: |r200|TINTERFACE\ICONS\INV_MISC_COIN_01.BLP:0|t
270,|cFFFFD200Drop: |rKlikixx|n|cFFFFD200Zone: |rTalador
271,|cFFFFD200Drop: |rYggdrel|n|cFFFFD200Zone: |rShadowmoon Valley
272,|cFFFFD200Drop: |rBreathless|n|cFFFFD200Zone: |rFrostfire Ridge
273,|cFFFFD200World Event: |rDarkmoon Faire|n|cFFFFD200Achievement: |rBrood of Alysrazor
275,|cFFFFD200World Event: |rDarkmoon Faire|n|cFFFFD200Vendor: |rCarl Goodup|n|cFFFFD200Zone: |rDarkmoon Island|n|cFFFFD200Cost: |r10|TINTERFACE\MONEYFRAME\UI-SILVERICON.BLP:0|t
278,It's a Mystery!
279,|cFFFFD200Vendor: |rSmuggler|n|cFFFFD200Zone: |rSpires of Arak|n|cFFFFD200Cost: |r500|TINTERFACE\MONEYFRAME\UI-GOLDICON.BLP:0|t
280,|cFFFFD200Profession: |rEngineering
281,|cFFFFD200Blizzard Store|r
282,|cFFFFD200Garrison Mission|r
283,"|cFFFFD200Quest: |rFarewell, Minnow|n|cFFFFD200Zone: |rAzshara"
285,|cFFFFD200Quest: |rThe Trial of Champions|n|cFFFFD200Zone: |rShadowmoon Valley
286,|cFFFFD200Drop:|r Basten|n|cFFFFD200Zone:|r Gorgrond
287,|cFFFFD200Drop:|r Soul-Twister Torek|n|cFFFFD200Zone:|r Shadowmoon Valley
289,|cFFFFD200Treasure: |rDeceptia's Smoldering Boots |n|cFFFFD200Zone: |rTalador
290,|n
293,|cFFFFD200Vendor: |rBeska Redtusk|n|cFFFFD200Zone: |rWarspear|n|cFFFFD200Faction: |rFrostwolf Orcs - Honored|n|cFFFFD200Cost: |r1000|TINTERFACE\MONEYFRAME\UI-GOLDICON.BLP:0|t
294,|cFFFFD200Quest: |rDiamonds Are Forever|n|cFFFFD200Zone: |rFrostfire Ridge
295,|cFFFFD200Treasure: |rSwamplighter Hive|n|cFFFFD200Zone: |rShadowmoon Valley
296,|cFFFFD200Treasure: |rCurious Deathweb Egg|n|cFFFFD200Zone: |rTalador
297,|cFFFFD200Given By: |rSoulare of Andorhal
298,|cFFFFD200Drop: |rFossilwood the Petrified|n|cFFFFD200Zone: |rGorgrond
299,|cFFFFD200Drop: |rCaptain Ironbeard|n|cFFFFD200Zone: |rNagrand
301,|cFFFFD200Quest: |rFury of Frostfire|n|cFFFFD200Zone: |rFrostfire Ridge
302,|cFFFFD200Vendor: |rKil'rip|n|cFFFFD200Zone: |rTrading Post|n|cFFFFD200Faction: |rLaughing Skull Orcs - Honored|n|cFFFFD200Cost: |r1250|TINTERFACE\MONEYFRAME\UI-GOLDICON.BLP:0|t
303,
304,|cFFFFD200Drop: |rGibblette the Cowardly|n|cFFFFD200Zone: |rFrostfire Ridge
305,|cFFFFD200Vendor:|r  Maaria|n|cFFFFD200Zone:|r Trading Post|n|cFFFFD200Faction:|r Sha'tari Defense - Honored
306,|cFFFFD200Achievement: |rThe Toymaster|n|cFFFFD200Category: |rToy Box
307,|cFFFFD200Garrison Building:|r Gladiator's Sanctum|n
308,|cFFFFD200Garrison Building:|r Gladiator's Sanctum|n|n
309,|cFFFFD200Treasure: |rTreasure of the Highmaul|n|cFFFFD200Zone: |rThe Coliseum
310,
311,
312,|cFFFFD200Vendor:|r  Maaria|n|cFFFFD200Zone:|r Trading Post|n|cFFFFD200Faction:|r Sha'tari Defense - Revered
319,|cFFFFD200Treasure: |rAstrologer's Box|n|cFFFFD200Zone: |rShadowmoon Valley
320,|cFFFFD200Drop:|r The Burning Front|n|cFFFFD200Zone:|r Talador|n
322,|cFFFFD200Vendor: |rBenjamin Brode|n|cFFFFD200Cost: |r100|TINTERFACE\MONEYFRAME\UI-GOLDICON.BLP:0|t
324,|cFFFFD200Vendor: |rBenjamin Brode|n|cFFFFD200Cost: |r1000|TINTERFACE\MONEYFRAME\UI-GOLDICON.BLP:0|t
325,|cFFFFD200Drop: |rBashiok|n|cFFFFD200Zone: |rGorgrond
327,|cFFFFD200Drop: |rWarleader Tome|n|cFFFFD200Zone: |rNagrand
328,|cFFFFD200Treasure: |rArena Master's War Horn|n|cFFFFD200Zone: |rFrostfire Ridge
329,|cFFFFD200Drop: |rEcho of Murmur|n|cFFFFD200Zone: |rTalador
330,|cFFFFD200Drop: |rHypnocroak|n|cFFFFD200Zone: |rShadowmoon Valley
331,|cFFFFD200Treasure: |rVindicator's Cache|n|cFFFFD200Zone: |rShadowmoon Valley
332,|cFFFFD200Treasure: |rWarm Goren Egg|n|cFFFFD200Zone: |rGorgrond
333,|cFFFFD200Drop: |rSulfurious|n|cFFFFD200Zone: |rGorgrond
334,|cFFFFD200World Event: |rLove is in the Air
335,|cFFFFD200World Event: |rBrewfest|n|cFFFFD200Cost: |r100|TINTERFACE\ICONS\INV_MISC_COIN_01.BLP:0|t
336,|cFFFFD200World Event: |rFeast of Winter Veil
337,|cFFFFD200World Event: |rPilgrim's Bounty
338,|cFFFFD200Garrison Building: |rInn
339,|cFFFFD200Garrison Building: |rInn
340,|cFFFFD200Garrison Building: |rInn
341,|cFFFFD200Garrison Building: |rInn
342,|cFFFFD200Garrison Building: |rInn
343,|cFFFFD200Garrison Building: |rInn
344,|cFFFFD200Vendor: |rMidsummer Merchant|n|cFFFFD200Cost: |r500|TINTERFACE\ICONS\INV_SUMMERFEST_FIREFLOWER.BLP:0|t|n
345,|cFFFFD200Vendor: |rMidsummer Merchant|n|cFFFFD200Cost: |r350|TINTERFACE\ICONS\INV_SUMMERFEST_FIREFLOWER.BLP:0|t
346,|cFFFFD200World Event: |rBrewfest|n|cFFFFD200Cost: |r200|TINTERFACE\ICONS\INV_MISC_COIN_01.BLP:0|t
347,|cFFFFD200World Event: |rFeast of Winter Veil
348,|cFFFFD200World Event: |rFeast of Winter Veil
349,|cFFFFD200World Event: |rFeast of Winter Veil
350,|cFFFFD200World Event: |rFeast of Winter Veil
351,|cFFFFD200Quest:|r Socrethar's Fury|n
352,|cFFFFD200Pickpocketing|r|n
357,|cFFFFD200Garrison Building: |rInn
359,|cFFFFD200Achievement: |rTheramore's Fall|n|cFFFFD200Category: |rFeats of Strength
360,|cFFFFD200Profession: |rEngineering
361,"|cFFFFD200Achievement: |rWhat A Strange, Interdimensional Trip It's Been|n|cFFFFD200Category: |rDungeons & Raids"
365,|cFFFFD200Drop: |rMajordomo Staghelm|n|cFFFFD200Zone: |rFirelands|n|cFFFFD200Class: |rDruid
366,
367,|cFFFFD200World Event:|r Feast of Winter Veil
368,|cFFFFD200Achievement: |rDarkmoon Racer Roadhog|n|cFFFFD200Category: |rDarkmoon Faire
369,|cFFFFD200Achievement: |rWanderluster: Gold|n|cFFFFD200Category: |rDarkmoon Faire
371,|cFFFFD200Achievement: |rPowermonger: Gold|n|cFFFFD200Category: |rDarkmoon Faire
372,|cFFFFD200Achievement: |rTonk Commander|n|cFFFFD200Category: |rDarkmoon Faire
373,|cFFFFD200Achievement: |rTriumphant Turtle Tossing|n|cFFFFD200Category: |rDarkmoon Faire
374,|cFFFFD200Quest:|r Crystal Clarity|n|cFFFFD200Zone: |rStormwind|n|cFFFFD200Zone: |rOrgrimmar
375,|cFFFFD200Achievement: |rAzeroth's Top Twenty Tunes|n|cFFFFD200Category: |rGarrisons
376,|cFFFFD200Drop: |rTor'goroth|n|cFFFFD200Zone: |rFrostfire Ridge
377,|cFFFFD200Quest: |rPick a Yak|n|cFFFFD200Zone: |rTownlong Steppes
378,|cFFFFD200Drop: |rHearthsinger Forresten|n|cFFFFD200Zone: |rStratholme
379,|cFFFFD200Drop:|r Blingtron 5000 Gift Package|n
381,|cFFFFD200Achievement: |rRocketeer: Gold|n|cFFFFD200Category: |rDarkmoon Faire
383,|cFFFFD200World Event:|r Day of the Dead|n
384,|cFFFFD200World Event:|r Day of the Dead|n
385,|cFFFFD200World Event:|r Day of the Dead|n
386,|cFFFFD200World Event:|r Day of the Dead|n
387,|cFFFFD200World Event:|r Day of the Dead|n
388,|cFFFFD200Vendor: |rGalissa Sundew|n|cFFFFD200Zone: |rDarkmoon Island
389,|cFFFFD200Treasure: |rTome of Secrets|n|cFFFFD200Zone: |rTanaan Jungle
390,|cFFFFD200Treasure: |rJewel of Hellfire|n|cFFFFD200Zone: |rTanaan Jungle
391,|cFFFFD200Quest: |rCleaning House|n|cFFFFD200Zone: |rSpires of Arak|n|n|cFFFFD200Quest: |rNot In Your Army|n|cFFFFD200Zone: |rSpires of Arak
392,"|cFFFFD200Vendor:|r Tiffy Trapspring, Giada Goldleash|n|cFFFFD200Zone: |rGarrison"
393,"|cFFFFD200Vendor:|r Tiffy Trapspring, Giada Goldleash|n|cFFFFD200Zone: |rGarrison"
394,"|cFFFFD200Vendor:|r Tiffy Trapspring, Giada Goldleash|n|cFFFFD200Zone: |rGarrison"
395,|cFFFFD200Treasure: |rThe Perfect Blossom|n|cFFFFD200Zone: |rTanaan Jungle
396,|cFFFFD200Treasure: |rStrange Green Fruit|n|cFFFFD200Zone: |rTanaan Jungle
398,|cFFFFD200Treasure: |rDazzling Rod|n|cFFFFD200Zone: |rTanaan Jungle
399,|cFFFFD200Vendor: |rTrader Araanda|n|cFFFFD200Zone: |rLunarfall|n|cFFFFD200Cost: |r100|TINTERFACE\MONEYFRAME\UI-GOLDICON.BLP:0|t|n|n|cFFFFD200Vendor: |rTrader Darakk|n|cFFFFD200Zone: |rFrostwall|n|cFFFFD200Cost: |r100|TINTERFACE\MONEYFRAME\UI-GOLDICON.BLP:0|t
400,|cFFFFD200Drop: |rCaptain Ironbeard|n|cFFFFD200Zone: |rTanaan Jungle
401,|cFFFFD200Drop: |rBramblefell|n|cFFFFD200Zone: |rTanaan Jungle
402,|cFFFFD200Drop: |rRemnant of the Blood Moon|n|cFFFFD200Zone: |rTanaan Jungle
403,|cFFFFD200Garrison Mission:|r Burning Blademasters
404,|cFFFFD200World Event: |rChildren's Week|n|cFFFFD200Cost: |r10|TINTERFACE\MONEYFRAME\UI-SILVERICON.BLP:0|t|n
405,|cFFFFD200NPC: |rSkoller|n|cFFFFD200Zone:|r Tanaan Jungle|n
406,|cFFFFD200Achievement: |rBig Wanderluster: Gold|n|cFFFFD200Category: |rDarkmoon Faire
408,|cFFFFD200Vendor: |rShadow Hunter Denjai|n|cFFFFD200Zone: |rTanaan Jungle|n|cFFFFD200Faction: |rVol'jin's Headhunters - Revered|n|cFFFFD200Cost: |r300|TINTERFACE\MONEYFRAME\UI-GOLDICON.BLP:0|t
409,|cFFFFD200Vendor: |rVindicator Krethos|n|cFFFFD200Zone: |rTanaan Jungle|n|cFFFFD200Faction: |rHand of the Prophet - Revered|n|cFFFFD200Cost: |r300|TINTERFACE\MONEYFRAME\UI-GOLDICON.BLP:0|t
410,|cFFFFD200Profession: |rEnchanting
411,|cFFFFD200Vendor: |rGelvas Grimegate|n|cFFFFD200Zone: |rDarkmoon Island
412,|cFFFFD200World Event:|r Feast of Winter Veil|n|n
413,|cFFFFD200Drop: |rSmashum Grabb|n|cFFFFD200Zone: |rTanaan Jungle
415,|cFFFFD200Drop: |rGondar|n|cFFFFD200Zone: |rTanaan Jungle
416,|cFFFFD200World Event:|r Feast of Winter Veil|n
417,|cFFFFD200Drop: |rDrakum|n|cFFFFD200Zone: |rTanaan Jungle
418,|cFFFFD200Drop: |rHavak|n|cFFFFD200Zone: |rKun-Lai Summit
420,|cFFFFD200World Event:|r Feast of Winter Veil|n
421,|cFFFFD200World Event:|r Hallow's End|n
422,|cFFFFD200World Event:|r Hallow's End|n
425,|cFFFFD200Drop: |rHigh Priest Ikzan|n|cFFFFD200Zone: |rTanaan Jungle
428,|cFFFFD200Treasure: |rLooted Bleeding Hollow Treasure|n|cFFFFD200Zone: |rTanaan Jungle
429,|cFFFFD200Achievement: |rTaming the World|n|cFFFFD200Category: |rPet Battles
431,|cFFFFD200Vendor: |rCupri|n|cFFFFD200Zone: |rShattrath|n
432,|cFFFFD200Vendor: |rAuzin|n|cFFFFD200Zone: |rDalaran
433,|cFFFFD200Vendor: |rAuzin|n|cFFFFD200Zone: |rDalaran|n
434,|cFFFFD200Profession: |rLeatherworking
435,|cFFFFD200Vendor: |rJepetto Joybuzz|n|cFFFFD200Zone: |rDalaran|n|cFFFFD200Cost: |r100|TINTERFACE\MONEYFRAME\UI-GOLDICON.BLP:0|t
436,|cFFFFD200Vendor: |rCupri|n|cFFFFD200Zone: |rShattrath City|n|cFFFFD200Cost: |r500|TInterface\Icons\pvecurrency-justice.BLP:0|t
437,|cFFFFD200Vendor: |rWarmage Kath'leen|n|cFFFFD200Zone: |rBroken Shore|n|cFFFFD200Faction: |rArmies of Legionfall - Revered|n|cFFFFD200Cost: |r1500|Hcurrency:1226|h|TInterface\Icons\inv_datacrystal01.BLP:0|t|h
438,|cFFFFD200Treasure: |rTreasure Chest|n|cFFFFD200Zone: |rVal'sharah
439,|cFFFFD200Treasure: |rUnguarded Thistleleaf Treasure|n|cFFFFD200Zone: |rVal'sharah
440,|cFFFFD200Treasure: |rSheddle's Chest
441,|cFFFFD200Quest: |rMasters of Disguise|n|cFFFFD200Zone: |rStormheim
442,|cFFFFD200Drop:|r Blackhoof|n|cFFFFD200Zone:|r Valley of the Four Winds|n|n|cFFFFD200Drop:|r Ordon Candlekeeper|n|cFFFFD200Zone:|r Timeless Isle
443,
444,|cFFFFD200Vendor: |rKiatke|n|cFFFFD200Zone: |rOrgrimmar / Stormwind City
445,|cFFFFD200Vendor: |rKiatke|n|cFFFFD200Zone: |rOrgrimmar / Stormwind City
446,|cFFFFD200Vendor: |rRansa Greyfeather|n|cFFFFD200Zone: |rHighmountain|n|cFFFFD200Faction: |rHighmountain Tribe - Revered|n|cFFFFD200Cost: |r500|TINTERFACE\MONEYFRAME\UI-GOLDICON.BLP:0|t
447,|cFFFFD200Zone: |rHighmountain
448,|cFFFFD200Promotion|r
449,|cFFFFD200Quest:|r Aviana's Request|n|cFFFFD200Zone:|r Garrison Inn|n
451,|cFFFFD200Drop: |rAi-Ran the Shifting Cloud|n|cFFFFD200Zone: |rVale of Eternal Blossoms
452,|cFFFFD200Drop: |rSahn Tidehunter|n|cFFFFD200Zone: |rVale of Eternal Blossoms
453,|cFFFFD200Treasure: |rSunken Treasure|n|cFFFFD200Zone: |rTimeless Isle
454,|cFFFFD200Drop: |rSalyin Warscout|n|cFFFFD200Zone: |rValley of the Four Winds
455,|cFFFFD200Profession: |rArchaeology
456,|cFFFFD200Drop: |rKal'tik the Blight|n|cFFFFD200Zone: |rVale of Eternal Blossoms
457,|cFFFFD200Drop: |rGar'lok|n|cFFFFD200Zone: |rDread Wastes
458,|cFFFFD200Drop:|r Ba'ruun|n|cFFFFD200Zone:|r Shadowmoon Valley|n|n
459,|cFFFFD200Treasure: |rForeman's Lunchbox|n|cFFFFD200Zone: |rTalador
460,|cFFFFD200Quest:|r Cenarion Concerns|n|cFFFFD200Zone:|r Garrison Inn
461,|cFFFFD200Treasure: |rBleeding Hollow Mushroom Stash|n|cFFFFD200Zone: |rTanaan
462,|cFFFFD200Drop: |rMajor Nanners|n|cFFFFD200Zone: |rVale of Eternal Blossoms
463,|cFFFFD200Quest: |rLeaders Among Breeders|n|cFFFFD200Zone: |rValley of the Four Winds
464,|cFFFFD200Profession: |rArchaeology
465,|cFFFFD200Achievement: |rHigher Learning|n|cFFFFD200Category: |rGeneral
466,|cFFFFD200Quest:|r Legacy of the Ancients|n|cFFFFD200Zone:|r Garrison Lumbermill 
467,|cFFFFD200Vendor: |rSpeaker Gulan|n|cFFFFD200Zone: |rTimeless Isle
468,|cFFFFD200Drop:|r Nessos the Oracle|n|cFFFFD200Zone:|r Kun-Lai Summit|n|n|cFFFFD200Drop:|r Great Turtle Furyshell|n|cFFFFD200Drop:|r Chelon |n|cFFFFD200Zone:|r Timeless Isle |n
469,|cFFFFD200Drop: |rShinri|n|cFFFFD200Zone: |rShadowmoon Valley
470,|cFFFFD200Drop: |rHigh Priest of Ordos|n|cFFFFD200Zone: |rTimeless Isle
471,|cFFFFD200Promotion|r
472,|cFFFFD200Vendor:|r Derek Odds|n|cFFFFD200Vendor:|r Misensi|n|cFFFFD200Zone:|r Dalaran|n|n|cFFFFD200Vendor:|r Mera Mistrunner|n|cFFFFD200Zone:|r Icecrown|n
473,|cFFFFD200Profession: |rEngineering(490)
474,|cFFFFD200Profession: |rEngineering(600)
475,|cFFFFD200Profession: |rEngineering
476,|cFFFFD200Profession: |rEngineering(425)
477,|cFFFFD200Profession: |rEngineering(435)
478,|cFFFFD200Profession: |rEngineering(570)
479,|cFFFFD200Profession: |rEngineering
480,|cFFFFD200Profession: |rEngineering
481,|cFFFFD200Profession: |rEngineering
482,|cFFFFD200Profession: |rEngineering
483,|cFFFFD200Profession: |rEngineering
484,|cFFFFD200Profession: |rEngineering(500)
485,|cFFFFD200Drop:|r Ghostly Pandaren Fisherman|n|cFFFFD200Profession:|r Fishing|n
486,|cFFFFD200Vendor: |rNat Pagle|n|cFFFFD200Zone: |rKrasarang Wilds|n|cFFFFD200Faction: |rThe Anglers - Revered|n|cFFFFD200Cost: |r1000|TINTERFACE\MONEYFRAME\UI-GOLDICON.BLP:0|t
487,|cFFFFD200Drop: |rDon Carlos|n|cFFFFD200Zone: |rOld Hillsbrad Foothills
488,|cFFFFD200Drop:|r Burgy Blackheart |n|cFFFFD200Zone:|r Vashj'ir|n
489,|cFFFFD200Quest: |rBack to the Chief!|n|cFFFFD200Zone: |rNetherstorm
490,|cFFFFD200Quest: |rA Shiny Reward|n|cFFFFD200Zone: |rThe Cape of Stranglethorn
491,|cFFFFD200Quest: |rOpen Their Eyes|n|cFFFFD200Zone: |rFelwood
492,|cFFFFD200Vendor:|r Jonathan Stephens|n|cFFFFD200Vendor:|r Moz'def|n|cFFFFD200Zone:|r Garrison|n
493,|cFFFFD200Drop: |rRai'vosh|n|cFFFFD200Zone: |rShadowmoon Valley
494,|cFFFFD200Drop: |rStomper Kreego|n|cFFFFD200Zone: |rGorgrond
495,|cFFFFD200Drop: |rGlimmerwing|n|cFFFFD200Zone: |rTalador
496,|cFFFFD200Drop: |rGibblette the Cowardly|n|cFFFFD200Zone: |rFrostfire Ridge
497,|cFFFFD200Quest: |rThe Storm Gathers|n|cFFFFD200Zone: |rTownlong Steppes
498,|cFFFFD200Quest: |rThe Storm Gathers|n|cFFFFD200Zone: |rTownlong Steppes
499,|cFFFFD200Drop: |rImp-Master Valessa|n|cFFFFD200Zone: |rTanaan Jungle
500,|cFFFFD200Treasure: |rSkull of the Mad Chief|n|cFFFFD200Zone: |rTanaan Jungle
501,|cFFFFD200Vendor: |rHaris Pilton|n|cFFFFD200Zone: |rTerokkar Forest|n|cFFFFD200Cost: |r5000|TINTERFACE\MONEYFRAME\UI-GOLDICON.BLP:0|t
502,|cFFFFD200Vendor: |rHaris Pilton|n|cFFFFD200Zone: |rTerokkar Forest|n|cFFFFD200Cost: |r3000|TINTERFACE\MONEYFRAME\UI-GOLDICON.BLP:0|t
503,|cFFFFD200Treasure: |rMedium Treasure Chest|n|cFFFFD200Zone: |rVal'sharah
504,|cFFFFD200Vendor: |rMarin Bladewing|n|cFFFFD200Zone: |rAzsuna|n|cFFFFD200Faction: |rThe Wardens - Honored|n|cFFFFD200Cost: |r200|TINTERFACE\MONEYFRAME\UI-GOLDICON.BLP:0|t
505,|cFFFFD200Vendor: |rSylvia Hartshorn|n|cFFFFD200Zone: |rVal'sharah|n|cFFFFD200Faction: |rDreamweavers - Friendly|n|cFFFFD200Cost: |r100|TINTERFACE\MONEYFRAME\UI-GOLDICON.BLP:0|t
506,|cFFFFD200Drop: |rSeersei|n|cFFFFD200Zone: |rVal'sharah
507,|cFFFFD200Vendor: |rSylvia Hartshorn|n|cFFFFD200Zone: |rVal'sharah|n|cFFFFD200Faction: |rDreamweavers - Honored|n|cFFFFD200Cost: |r200|TINTERFACE\MONEYFRAME\UI-GOLDICON.BLP:0|t
508,|cFFFFD200Vendor: |rMarin Bladewing|n|cFFFFD200Zone: |rAzsuna|n|cFFFFD200Faction: |rThe Wardens - Honored|n|cFFFFD200Cost: |r200|TINTERFACE\MONEYFRAME\UI-GOLDICON.BLP:0|t
509,|cFFFFD200Vendor: |rSylvia Hartshorn|n|cFFFFD200Zone: |rVal'sharah|n|cFFFFD200Faction: |rDreamweavers - Revered|n|cFFFFD200Cost: |r500|TINTERFACE\MONEYFRAME\UI-GOLDICON.BLP:0|t
510,|cFFFFD200Drop: |rHenry|n|cFFFFD200Zone: |rVal'sharah
511,|cFFFFD200Treasure: |rTreasure Chest|n|cFFFFD200Zone: |rVal'sharah
512,|cFFFFD200Drop: |rWhitewater Typhoon|n|cFFFFD200Zone: |rStormheim
513,|cFFFFD200Treasure: |rTreasure Chest|n|cFFFFD200Zone: |rStormheim
514,|cFFFFD200Vendor: |rBreanni|n|cFFFFD200Zone: |rDalaran|n|cFFFFD200Cost: |r75|TINTERFACE\MONEYFRAME\UI-SILVERICON.BLP:0|t
515,|cFFFFD200Vendor: |rBreanni|n|cFFFFD200Zone: |rDalaran|n|cFFFFD200Cost: |r1|TINTERFACE\MONEYFRAME\UI-GOLDICON.BLP:0|t50|TINTERFACE\MONEYFRAME\UI-SILVERICON.BLP:0|t
516,|cFFFFD200Drop:|r Pet Supply Bags|n|cFFFFD200Sources:|r Pet Battle Masters |n
520,|cFFFFD200Quest:|r Corrupted Studies|n|cFFFFD200Profession:|r Archaeology|n|n
521,
522,
525,
526,
527,
528,
529,
530,
531,|cFFFFD200Profession: |rInscription
532,|cFFFFD200Vendor: |rEndora Moorehead|n|cFFFFD200Zone: |rDalaran|n|cFFFFD200Cost: |r500|TINTERFACE\MONEYFRAME\UI-GOLDICON.BLP:0|t
533,|cFFFFD200Profession: |rLeatherworking
534,|cFFFFD200Profession: |rLeatherworking
535,|cFFFFD200Profession: |rLeatherworking
536,|cFFFFD200Vendor: |rJepetto Joybuzz|n|cFFFFD200Cost: |r50|TINTERFACE\MONEYFRAME\UI-GOLDICON.BLP:0|t
537,|cFFFFD200Vendor: |rBoomie Sparks|n|cFFFFD200Zone: |rDarkmoon Island
538,|cFFFFD200World Event:|r Pirates' Day|n|cFFFFD200Drop:|r Ol' Eary|n
539,
540,|cFFFFD200Quest: |rThe Hunger Returns|n|cFFFFD200Zone: |rAzsuna|n|n|cFFFFD200Quest: |rThe Hunger Returns|n|cFFFFD200Zone: |rAzsuna
541,|cFFFFD200Quest: |rDressing With Class|n|cFFFFD200Zone: |rAzsuna
542,|cFFFFD200Vendor: |rVindicator Nuurem|n|cFFFFD200Zone: |rStormshield|n|cFFFFD200Faction: |rCouncil of Exarchs - Honored|n|cFFFFD200Cost: |r1000|TINTERFACE\MONEYFRAME\UI-GOLDICON.BLP:0|t
543,|cFFFFD200Vendor: |rVeridis Fallon|n|cFFFFD200Zone: |rAzsuna|n|cFFFFD200Faction: |rCourt of Farondis - Honored|n|cFFFFD200Cost: |r100|TINTERFACE\MONEYFRAME\UI-GOLDICON.BLP:0|t
544,|cFFFFD200Vendor: |rValdemar Stormseeker|n|cFFFFD200Zone: |rStormheim|n|cFFFFD200Faction: |rValarjar - Revered|n|cFFFFD200Cost: |r500|TINTERFACE\MONEYFRAME\UI-GOLDICON.BLP:0|t
545,|cFFFFD200World Event:|r Feast of Winter Veil
546,|cFFFFD200World Event:|r Feast of Winter Veil|n
547,|cFFFFD200Profession: |rJewelcrafting
548,|cFFFFD200Vendor: |rBron|n|cFFFFD200Zone: |rDurotar|n|cFFFFD200Cost: |r100|TINTERFACE\ICONS\INV_MISC_COIN_01.BLP:0|t|n|n|cFFFFD200Vendor: |rKeiran Donoghue|n|cFFFFD200Zone: |rDun Morogh|n|cFFFFD200Cost: |r100|TINTERFACE\ICONS\INV_MISC_COIN_01.BLP:0|t
549,|cFFFFD200Achievement:|r Hatchling of the Talon|n|cFFFFD200Zone:|r Highmountain|n
550,|cFFFFD200Order Hall:|r Uncrowned Vault
551,|cFFFFD200Order Hall:|r Skyhold Arena of Glory
552,|cFFFFD200Vendor: |rDraemus|n|cFFFFD200Zone: |rDalaran|n|cFFFFD200Cost: |r1000|Hitem:163036|h|TInterface\ICONS\INV_Currency_PetBattle.BLP:0|t|h
553,|cFFFFD200Vendor:|r The Mad Merchant|n
554,|cFFFFD200Drop:|r Dread Infiltrator|n
557,|cFFFFD200Vendor: |rRansa Greyfeather|n|cFFFFD200Zone: |rHighmountain|n|cFFFFD200Faction: |rHighmountain Tribe - Friendly|n|cFFFFD200Cost: |r100|TINTERFACE\MONEYFRAME\UI-GOLDICON.BLP:0|t
558,|cFFFFD200Drop: |rWorld Creatures
559,|cFFFFD200Vendor: |rFirst Arcanist Thalyssra|n|cFFFFD200Zone: |rSuramar|n|cFFFFD200Faction: |rThe Nightfallen - Revered|n|cFFFFD200Cost: |r500|TINTERFACE\MONEYFRAME\UI-GOLDICON.BLP:0|t
560,|cFFFFD200Vendor: |rFirst Arcanist Thalyssra|n|cFFFFD200Zone: |rSuramar|n|cFFFFD200Faction: |rThe Nightfallen - Honored|n|cFFFFD200Cost: |r200|TINTERFACE\MONEYFRAME\UI-GOLDICON.BLP:0|t
561,|cFFFFD200Profession: |rEngineering
562,|cFFFFD200Vendor: |rGift Shopkeeper|n|cFFFFD200Zone: |rSuramar
563,|cFFFFD200Treasure: |rMaelstrom Chest|n|cFFFFD200Zone: |rThe Maelstrom
564,|cFFFFD200Vendor: |rSlyhoof the Shameless Shaman|n|cFFFFD200Zone: |rHighmountain|n|cFFFFD200Cost: |r500|TINTERFACE\MONEYFRAME\UI-GOLDICON.BLP:0|t
565,|cFFFFD200Quest: |rThis IS In My Contract.|n|cFFFFD200Zone: |rAzsuna
566,|cFFFFD200Drop: |rThane Irglov the Merciless|n|cFFFFD200Zone: |rStormheim
567,
568,|cFFFFD200Treasure: |r Glimmering Falanaar Treasure Chest|n|cFFFFD200Zone: |rSuramar
569,|cFFFFD200Profession: |rJewelcrafting
570,|cFFFFD200Treasure: |rTreasure Chest|n|cFFFFD200Zone: |rAzsuna
571,|cFFFFD200Quest: |rFriends in Cages|n|cFFFFD200Zone: |rSuramar
572,|cFFFFD200Drop:|r PH|n
573,|cFFFFD200Profession: |rEngineering
574,|cFFFFD200Treasure: |rFalanaar Treasure Chest|n|cFFFFD200Zone: |rSuramar
575,|cFFFFD200Treasure: |r Glimmering Falanaar Treasure Chest|n|cFFFFD200Zone: |rSuramar
576,|cFFFFD200Treasure: |r Glimmering Falanaar Treasure Chest|n|cFFFFD200Zone: |rSuramar
577,|cFFFFD200Treasure: |r Glimmering Falanaar Treasure Chest|n|cFFFFD200Zone: |rSuramar
578,|cFFFFD200Treasure: |r Glimmering Falanaar Treasure Chest|n|cFFFFD200Zone: |rSuramar
579,|cFFFFD200Treasure: |r Glimmering Falanaar Treasure Chest|n|cFFFFD200Zone: |rSuramar
580,|cFFFFD200Treasure: |r Glimmering Falanaar Treasure Chest|n|cFFFFD200Zone: |rSuramar
581,|cFFFFD200Treasure: |r Glimmering Falanaar Treasure Chest|n|cFFFFD200Zone: |rSuramar
582,|cFFFFD200Drop:|r Endgineer Omegaplugg|n
584,|cFFFFD200Quest: |rWolf Pack Attack|n|cFFFFD200Zone: |rHighmountain
585,|cFFFFD200Drop: |rMajestic Elderhorn|n|cFFFFD200Zone: |rHighmountain
586,|cFFFFD200Vendor: |rMidsummer Merchant|n|cFFFFD200Cost: |r500|TINTERFACE\ICONS\INV_SUMMERFEST_FIREFLOWER.BLP:0|t
587,|cFFFFD200Quest: |rMglrgrs of Our Grmlgrlr|n|cFFFFD200Zone: |rSuramar
588,|cFFFFD200Drop: |rPinchshank|n|cFFFFD200Zone: |rSuramar
589,|cFFFFD200Drop: |rDoctor Weavil|n|cFFFFD200Zone: |rDustwallow Marsh
590,|cFFFFD200World Event:|r Love is in the Air
593,|cFFFFD200Quest: |rSnowfeather Bonding|n
594,|cFFFFD200Quest: |rSharptalon Bonding|n
595,|cFFFFD200Quest: |rDirebeak Bonding|n
596,|cFFFFD200Quest: |rBloodgazer Bonding|n
597,|cFFFFD200Drop:|r Broken Isles Fishing|n
598,|cFFFFD200Drop:|r Broken Isles Fishing
599,|cFFFFD200Drop:|r Broken Isles Fishing|n
600,|cFFFFD200Vendor: |rConjurer Margoss|n|cFFFFD200Zone: |rDalaran|n|cFFFFD200Faction: |rConjurer Margoss - Friend|n|cFFFFD200Cost: |r100|TINTERFACE\ICONS\INV_ELEMENTAL_PRIMAL_WATER.BLP:0|t
601,|cFFFFD200Vendor: |rConjurer Margoss|n|cFFFFD200Zone: |rDalaran|n|cFFFFD200Faction: |rConjurer Margoss - Friend|n|cFFFFD200Cost: |r100|Hitem:138777|h|TINTERFACE\ICONS\INV_ELEMENTAL_PRIMAL_WATER.BLP:0|t|h
602,|cFFFFD200Quest: |rCubic Coalescing
603,
604,|cFFFFD200Drop: |rThe Nighthold|n|n|cFFFFD200Treasure: |rGift of the Nightborne|n|cFFFFD200Zone: |rThe Nighthold
605,|cFFFFD200Event: |rDiablo 20th Anniversary
606,|cFFFFD200Vendor: |rXur'ios|n|cFFFFD200Zone: |rDalaran|n|cFFFFD200Cost: |r50|TInterface\Icons\inv_misc_elvencoins.BLP:0|t
607,"|cFFFFD200Vendor: |rAuzin
|cFFFFD200Zone: |rCrystalsong Forest
|cFFFFD200Cost: |r750|TInterface\Icons\pvecurrency-justice.BLP:0|t"
608,|cFFFFD200Treasure: |rWand of Simulated Life|n|cFFFFD200Zone: |rDalaran
609,|cFFFFD200Event: |rDiablo 20th Anniversary
610,|cFFFFD200Drop:|r Broken Isles Fishing|n
611,|cFFFFD200Profession: |rSkinning|n|cFFFFD200Quest: |rDrakol'nir Must Die|n|cFFFFD200Zone: |rStormheim
612,|cFFFFD200Quest: |rComplete the Broken Shore portion of your class Order Campaign.
613,|cFFFFD200Achievement:|r No Shellfish Endeavor|n
614,|cFFFFD200World Event:|r Lunar Festival|n|n|cFFFFD200Vendor: |rFariel Starsong|n|cFFFFD200Zone: |rMoonglade|n|cFFFFD200Cost: |r25|TINTERFACE\ICONS\INV_MISC_ELVENCOINS.BLP:0|t
615,|cFFFFD200World Event:|r Lunar Festival|n|n|cFFFFD200Vendor: |rFariel Starsong|n|cFFFFD200Zone: |rMoonglade|n|cFFFFD200Cost: |r10|TINTERFACE\ICONS\INV_MISC_ELVENCOINS.BLP:0|t
616,|cFFFFD200World Event:|r Lunar Festival|n|n|cFFFFD200Vendor: |rFariel Starsong|n|cFFFFD200Zone: |rMoonglade|n|cFFFFD200Cost: |r25|TINTERFACE\ICONS\INV_MISC_ELVENCOINS.BLP:0|t
618,|cFFFFD200World Event:|r Love is in the Air|n|n|cFFFFD200Vendor: |rLovely Merchant (Alliance)|n|cFFFFD200Zone: |rStormwind City|n|cFFFFD200Cost: |r200|TINTERFACE\ICONS\INV_VALENTINESCARD01.BLP:0|t|n|n|cFFFFD200Vendor: |rLovely Merchant (Horde)|n|cFFFFD200Zone: |rOrgrimmar|n|cFFFFD200Cost: |r200|TINTERFACE\ICONS\INV_VALENTINESCARD01.BLP:0|t
619,|cFFFFD200Vendor: |rMistweaver Xia|n|cFFFFD200Zone: |rTimeless Isle|n|cFFFFD200Cost: |r500|Hcurrency:1166|h|TInterface\Icons\pvecurrency-justice.BLP:0|t|h
621,|cFFFFD200Vendor:|r Ilyssia of the Waters|n|cFFFFD200Zone:|r Azsuna|n|cFFFFD200Profession:|r Fishing|n|cFFFFD200Reputation:|r Ilyssia of the Waters - Best Friend|n
622,|cFFFFD200Vendor:|r Impus|n|cFFFFD200Zone:|r Broken Shore|n|cFFFFD200Profession:|r Fishing|n|cFFFFD200Reputation:|r Impus - Best Friend
623,|cFFFFD200Vendor:|r Akule Riverhorn|n|cFFFFD200Zone:|r Highmountain|n|cFFFFD200Profession:|r Fishing|n|cFFFFD200Reputation:|r Akule Riverhorn - Best Friend
624,|cFFFFD200Vendor:|r Corbyn|n|cFFFFD200Zone:|r Stormheim|n|cFFFFD200Profession:|r Fishing|n|cFFFFD200Reputation:|r Corbyn - Best Friend
625,|cFFFFD200Vendor:|r Sha'leth|n|cFFFFD200Zone:|r Suramar|n|cFFFFD200Profession:|r Fishing|n|cFFFFD200Reputation:|r Sha'leth - Best Friend|n|n
626,|cFFFFD200Vendor:|r Keeper Raynae|n|cFFFFD200Zone:|r Val'sharah|n|cFFFFD200Profession:|r Fishing|n|cFFFFD200Reputation:|r Keeper Raynae - Best Friend|n
627,"|cFFFFD200Vendor: |rFalara Nightsong|n|cFFFFD200Zone: |rMardum, the Shattered Abyss|n|cFFFFD200Cost: |r10000|Hcurrency:1220|h|TInterface\Icons\inv_orderhall_orderresources.BLP:0|t|h"
628,|cFFFFD200Vendor: |rUthel'nay|n|cFFFFD200Zone: |rHall of the Guardian|n|cFFFFD200Cost: |r1000|Hcurrency:1220|h|TInterface\ICONS\INV_OrderHall_OrderResources.BLP:0|t|h
629,|cFFFFD200Quest: |rDown the Rabbit Hole - Mage Campaign|n|cFFFFD200Zone: |rHall of the Guardian
630,|cFFFFD200Drop:|r Warden's Supply Kit|n
631,|cFFFFD200Drop:|r Curious Wyrmtongue Cache|n
632,|cFFFFD200Vendor: |rWarmage Kath'leen|n|cFFFFD200Zone: |rBroken Shore|n|cFFFFD200Faction: |rArmies of Legionfall - Exalted|n|cFFFFD200Cost: |r5000|Hcurrency:1226|h|TInterface\Icons\inv_datacrystal01.BLP:0|t|h
633,|cFFFFD200Vendor: |rMistweaver Xia|n|cFFFFD200Zone: |rTimeless Isle|n|cFFFFD200Cost: |r1000|Hcurrency:1166|h|TInterface\Icons\pvecurrency-justice.BLP:0|t|h
634,|cFFFFD200Vendor: |rTreasure Master Iks'reeged|n|cFFFFD200Zone: |rBroken Shore|n|cFFFFD200Cost: |r50000|Hcurrency:1226|h|TInterface\Icons\inv_datacrystal01.BLP:0|t|h
639,"|cFFFFD200World Event:|r Pirates' Day|n|n|cFFFFD200Vendor: |rEdward Techt|n|cFFFFD200Zone: |rThe Cape of Stranglethorn|n|cFFFFD200Cost: |r10|TINTERFACE\MONEYFRAME\UI-GOLDICON.BLP:0|t|n|cFFFFD200Required Achievement: |rAvast Ye, Admiral!"
640,|cFFFFD200Vendor: |rCupri|n|cFFFFD200Zone: |rShattrath City|n|cFFFFD200Cost: |r750|Hcurrency:1166|h|TInterface\ICONS\PVECurrency-Justice.blp:0|t|h
641,|cFFFFD200World Event:|r Hallow's End|n|cFFFFD200Vendor: |rChub / Dorothy|n|cFFFFD200Zone: |rTirisfal Glades / Stormwind City|n|cFFFFD200Cost: |r150|TINTERFACE\ICONS\ACHIEVEMENT_HALLOWEEN_CANDY_01.BLP:0|t|n|n
642,|cFFFFD200World Event:|r Hallow's End|n|cFFFFD200Vendor: |rChub / Dorothy|n|cFFFFD200Zone: |rTirisfal Glades / Stormwind City|n|cFFFFD200Cost: |r150|TINTERFACE\ICONS\ACHIEVEMENT_HALLOWEEN_CANDY_01.BLP:0|t|n|n
643,|cFFFFD200World Event:|r Feast of Winter Veil|n
644,|cFFFFD200World Event:|r Feast of Winter Veil|n
645,|cFFFFD200Drop: |rDeath Metal Knight|n|cFFFFD200Zone: |rDarkmoon Island
646,|cFFFFD200Vendor: |rCupri|n|cFFFFD200Zone: |rShattrath City|n|cFFFFD200Cost: |r500|Hcurrency:1166|h|TInterface\ICONS\PVECurrency-Justice.blp:0|t|h
647,|cFFFFD200Vendor: |rKrom Stoutarm|n|cFFFFD200Zone: |rIronforge|n|cFFFFD200Cost: |r10000|TINTERFACE\MONEYFRAME\UI-GOLDICON.BLP:0|t
651,|cFFFFD200Vendor: |rKrom Stoutarm|n|cFFFFD200Zone: |rIronforge|n|cFFFFD200Cost: |r10000|TINTERFACE\MONEYFRAME\UI-GOLDICON.BLP:0|t|n
652,|cFFFFD200Player vs. Player:|r Honor Level 10|n
653,|cFFFFD200Player vs. Player:|r Honor Level 30
654,|cFFFFD200Player vs. Player:|r Honor Level 60
655,|cFFFFD200Player vs. Player:|r Honor Level 90
656,|cFFFFD200Vendor: |rEstelle Gendry|n|cFFFFD200Zone: |rOrgrimmar|n|cFFFFD200Cost: |r10000|TINTERFACE\MONEYFRAME\UI-GOLDICON.BLP:0|t|n
657,|cFFFFD200Vendor: |rEstelle Gendry|n|cFFFFD200Zone: |rOrgrimmar|n|cFFFFD200Cost: |r10000|TINTERFACE\MONEYFRAME\UI-GOLDICON.BLP:0|t
658,|cFFFFD200Pickpocketing|r|n
659,|cFFFFD200Vendor:|r Akule Riverhorn|n|cFFFFD200Zone:|r Highmountain|n|cFFFFD200Profession:|r Fishing|n|cFFFFD200Reputation:|r Akule Riverhorn - Good Friend
660,|cFFFFD200Vendor:|r Corbyn|n|cFFFFD200Zone:|r Stormheim|n|cFFFFD200Profession:|r Fishing|n|cFFFFD200Reputation:|r Corbyn - Helpful Friend
661,|cFFFFD200World Event:|r Feast of Winter Veil
662,|cFFFFD200World Event:|r Feast of Winter Veil
663,|cFFFFD200Vendor: |rValdemar Stormseeker|n|cFFFFD200Zone: |rStormheim|n|cFFFFD200Faction: |rValarjar - Honored|n|cFFFFD200Cost: |r10|TINTERFACE\MONEYFRAME\UI-GOLDICON.BLP:0|t
664,|cFFFFD200Drop: |rVixx the Collector|n|cFFFFD200Zone: |rThe Seat of the Triumvirate
665,|cFFFFD200Drop: |rVixx the Collector|n|cFFFFD200Zone: |rThe Seat of the Triumvirate
666,|cFFFFD200Vendor: |rToraan the Revered|n|cFFFFD200Zone: |rArgus|n|cFFFFD200Faction: |rArgussian Reach - Honored|n|cFFFFD200Cost: |r75|TINTERFACE\MONEYFRAME\UI-GOLDICON.BLP:0|t
667,|cFFFFD200Drop: |rSister Subversia|n|cFFFFD200Zone: |rKrokuun
668,|cFFFFD200Drop: |rWrath-Lord Yarez|n|cFFFFD200Zone: |rAntoran Wastes
669,|cFFFFD200Drop: |rInstructor Tarahna|n|cFFFFD200Zone: |rEredath
670,|cFFFFD200Drop: |rInstructor Tarahna|n|cFFFFD200Zone: |rEredath
671,|cFFFFD200Drop: |rInstructor Tarahna|n|cFFFFD200Zone: |rEredath
672,|cFFFFD200Drop:|r Gleaming Footlocker
673,|cFFFFD200Drop: |rArgus
674,|cFFFFD200Drop: |rBaruut the Bloodthirsty|n|cFFFFD200Zone: |rEredath
675,|cFFFFD200Vendor: |rOrix the All-Seer|n|cFFFFD200Zone: |rAntoran Wastes|n|cFFFFD200Cost: |r1000|Hitem:153021|h|TInterface\ICONS\INV_Misc_Eye_02.blp:0|t|h
676,|cFFFFD200Profession: |rEngineering
677,|cFFFFD200Drop: |rSquadron Commander Vishax
678,|cFFFFD200Drop:|r Doomcaster Suprax|n
679,|cFFFFD200Drop:|r Rezira the Seer|n
680,|cFFFFD200Vendor: |rGriftah|n|cFFFFD200Zone: |rZuldazar
681,|cFFFFD200Achievement:|r Priority Mail|n
682,|cFFFFD200Quest:|r Tiny Treasures|n|cFFFFD200Zone: |rZuldazar
683,|cFFFFD200Holiday:|r WoW's Anniversary
684,|cFFFFD200Profession:|r Zandalari Archaeology|n
685,|cFFFFD200Profession:|r Drust Archaeology|n
686,
787,|cFFFFD200Vendor: |rStamp Thunderhorn|n|cFFFFD200Zone: |rDarkmoon Island|n|cFFFFD200Cost: |r50|Hcurrency:515|h|TInterface\ICONS\INV_Misc_Ticket_Darkmoon_01.blp:0|t|h
788,|cFFFFD200Vendor: |rTrader Haw'li|n|cFFFFD200Zone: |rZuldazar|n|cFFFFD200Cost: |r66|TINTERFACE\MONEYFRAME\UI-GOLDICON.BLP:0|t
789,|cFFFFD200World Event:|r Feast of Winter Veil|n
790,|cFFFFD200World Event:|r Feast of Winter Veil|n
791,|cFFFFD200World Event:|r Feast of Winter Veil|n
792,|cFFFFD200World Event:|r Hallow's End
793,|cFFFFD200Vendor: |rHoarder Jena|n|cFFFFD200Zone: |rVol'dun|n|cFFFFD200Faction: |rVoldunai - Honored|n|cFFFFD200Cost: |r1500|TINTERFACE\MONEYFRAME\UI-GOLDICON.BLP:0|t
795,|cFFFFD200Vendor: |rNatal'hakata|n|cFFFFD200Zone: |rZuldazar|n|cFFFFD200Faction: |rZandalari Empire - Revered|n|cFFFFD200Cost: |r1000|TINTERFACE\MONEYFRAME\UI-GOLDICON.BLP:0|t
796,|cFFFFD200Vendor: |rQuartermaster Alcorn|n|cFFFFD200Zone: |rDrustvar|n|cFFFFD200Faction: |rOrder of Embers - Revered|n|cFFFFD200Cost: |r1000|TINTERFACE\MONEYFRAME\UI-GOLDICON.BLP:0|t
797,|cFFFFD200Vendor: |rProvisioner Fray|n|cFFFFD200Zone: |rTiragarde Sound|n|cFFFFD200Faction: |rProudmoore Admiralty - Honored|n|cFFFFD200Cost: |r1500|TINTERFACE\MONEYFRAME\UI-GOLDICON.BLP:0|t
798,|cFFFFD200Vendor: |rProvisioner Fray|n|cFFFFD200Zone: |rTiragarde Sound|n|cFFFFD200Faction: |rProudmoore Admiralty - Revered|n|cFFFFD200Cost: |r1000|TINTERFACE\MONEYFRAME\UI-GOLDICON.BLP:0|t
799,|cFFFFD200Vendor: |rHoarder Jena|n|cFFFFD200Zone: |rVol'dun|n|cFFFFD200Faction: |rVoldunai - Honored|n|cFFFFD200Cost: |r1500|TINTERFACE\MONEYFRAME\UI-GOLDICON.BLP:0|t
800,|cFFFFD200Vendor: |rHoarder Jena|n|cFFFFD200Zone: |rVol'dun|n|cFFFFD200Faction: |rVoldunai - Revered|n|cFFFFD200Cost: |r1000|TINTERFACE\MONEYFRAME\UI-GOLDICON.BLP:0|t
801,|cFFFFD200Vendor: |rHoarder Jena|n|cFFFFD200Zone: |rVol'dun|n|cFFFFD200Faction: |rVoldunai - Honored|n|cFFFFD200Cost: |r1500|TINTERFACE\MONEYFRAME\UI-GOLDICON.BLP:0|t
802,|cFFFFD200Treasure: |rDresser|n|cFFFFD200Zone: |rDrustvar
803,|cFFFFD200Quest: |rSharp Thinking|n|cFFFFD200Zone: |rDrustvar
804,|cFFFFD200Achievement: |rBattle on Zandalar and Kul Tiras|n|cFFFFD200Category: |rBattle
805,|cFFFFD200Drop: |rGeomancer Flintdagger|n|cFFFFD200Zone: |rArathi Highlands
806,|cFFFFD200Drop: |rFoulbelly|n|cFFFFD200Zone: |rArathi Highlands
807,|cFFFFD200Drop: |rHorrific Apparition|n|cFFFFD200Zone: |rArathi Highlands
808,|cFFFFD200Drop: |rSinger|n|cFFFFD200Zone: |rArathi Highlands
809,|cFFFFD200Drop: |rRuul Onestone|n|cFFFFD200Zone: |rArathi Highlands
810,|cFFFFD200Drop: |rKor'gresh Coldrage|n|cFFFFD200Zone: |rArathi Highlands
811,|cFFFFD200Drop: |rZalas Witherbark|n|cFFFFD200Zone: |rArathi Highlands
812,|cFFFFD200Drop: |rKovork|n|cFFFFD200Zone: |rArathi Highlands
813,|cFFFFD200Drop: |rMolok the Crusher|n|cFFFFD200Zone: |rArathi Highlands
814,|cFFFFD200Treasure: |rRunebound Chest|n|cFFFFD200Zone: |rDrustvar
815,|cFFFFD200Treasure: |rRunebound Coffer|n|cFFFFD200Zone: |rDrustvar
816,|cFFFFD200Vendor: |r Madeline Netley|n|cFFFFD200Zone: |r Stormsong Valley|n|cFFFFD200Cost: |r500 |Tinterface\icons\inv_currency_petbattle.blp:0|t|n|n|cFFFFD200Vendor: |r Happy Holaua|n|cFFFFD200Zone: |r Zuldazar|n|cFFFFD200Cost: |r500 |Tinterface\icons\inv_currency_petbattle.blp:0|t
817,|cFFFFD200Vendor: |r Madeline Netley|n|cFFFFD200Zone: |r Stormsong Valley|n|cFFFFD200Cost: |r250 |Tinterface\icons\inv_currency_petbattle.blp:0|t|n|n|cFFFFD200Vendor: |r Happy Holaua|n|cFFFFD200Zone: |r Zuldazar|n|cFFFFD200Cost: |r250 |Tinterface\icons\inv_currency_petbattle.blp:0|t
819,|cFFFFD200Drop:|r Island Expeditions|n
820,|cFFFFD200Drop: |rDoom's Howl|n|cFFFFD200Zone: |rArathi Highlands
821,|cFFFFD200Drop: |rThe Lion's Roar|n|cFFFFD200Zone: |rArathi Highlands
822,|cFFFFD200Drop:|r Island Expeditions|n
823,|cFFFFD200Promotion:|r Blizzcon 2018|n
824,|cFFFFD200Promotion:|r Blizzcon 2018|n
827,|cFFFFD200World Quest: |rOld R'gal|n|cFFFFD200Zone: |rZuldazar|n|n|cFFFFD200World Quest: |rWrath of Rezan|n|cFFFFD200Zone: |rZuldazar
828,|cFFFFD200Drop:|r Island Expeditions|n
829,|cFFFFD200Drop:|r Island Expeditions|n
832,|cFFFFD200Drop:|r Island Expeditions|n
834,|cFFFFD200Vendor: |rSister Lilyana|n|cFFFFD200Zone: |rStormsong Valley|n|cFFFFD200Faction: |rStorm's Wake - Revered|n|cFFFFD200Cost: |r1800|TINTERFACE\MONEYFRAME\UI-GOLDICON.BLP:0|t
890,|cFFFFD200Player vs. Player:|r Honor Level 175
891,|cFFFFD200Vendor: |rRhan'ka|n|cFFFFD200Zone: |rVol'dun
892,|cFFFFD200Vendor: |rHoarder Jena|n|cFFFFD200Zone: |rVol'dun|n|cFFFFD200Faction: |rVoldunai - Exalted|n|cFFFFD200Cost: |r1800|TINTERFACE\MONEYFRAME\UI-GOLDICON.BLP:0|t
893,|cFFFFD200World Event:|r Lunar Festival|n|n|cFFFFD200Vendor: |rFariel Starsong|n|cFFFFD200Zone: |rMoonglade|n|cFFFFD200Cost: |r25|TINTERFACE\ICONS\INV_MISC_ELVENCOINS.BLP:0|t
894,|cFFFFD200World Event:|r Lunar Festival|n|n|cFFFFD200Vendor: |rFariel Starsong|n|cFFFFD200Zone: |rMoonglade|n|cFFFFD200Cost: |r10|TINTERFACE\ICONS\INV_MISC_ELVENCOINS.BLP:0|t
895,|cFFFFD200World Event:|r Lunar Festival|n|n|cFFFFD200Vendor: |rFariel Starsong|n|cFFFFD200Zone: |rMoonglade|n|cFFFFD200Cost: |r25|TINTERFACE\ICONS\INV_MISC_ELVENCOINS.BLP:0|t
896,|cFFFFD200World Event:|r Lunar Festival|n|n|cFFFFD200Vendor: |rFariel Starsong|n|cFFFFD200Zone: |rMoonglade|n|cFFFFD200Cost: |r25|TINTERFACE\ICONS\INV_MISC_ELVENCOINS.BLP:0|t
897,|cFFFFD200World Event:|r Lunar Festival|n|n|cFFFFD200Vendor: |rFariel Starsong|n|cFFFFD200Zone: |rMoonglade|n|cFFFFD200Cost: |r10|TINTERFACE\ICONS\INV_MISC_ELVENCOINS.BLP:0|t
898,|cFFFFD200World Event:|r Lunar Festival|n|n|cFFFFD200Vendor: |rFariel Starsong|n|cFFFFD200Zone: |rMoonglade|n|cFFFFD200Cost: |r25|TINTERFACE\ICONS\INV_MISC_ELVENCOINS.BLP:0|t
899,|cFFFFD200Quest: |rA Warrior's Death|n|cFFFFD200Zone: |rSwamp of Sorrows|n|n|cFFFFD200Quest: |rOld Soldier|n|cFFFFD200Zone: |rDurotar
900,|cFFFFD200Drop:|r Talanji's Expedition Supplies
901,|cFFFFD200Achievement: |rUpright Citizens|n|cFFFFD200Category: |rBattle for Azeroth
902,|cFFFFD200Vendor: |rCaptain Klarisa|n|cFFFFD200Zone: |rTiragarde Sound|n|cFFFFD200Cost: |r500|Hcurrency:1710|h|TInterface\ICONS\INV_Misc_AzsharaCoin.BLP:0|t|h|n|n|cFFFFD200Vendor: |rCaptain Zen'taga|n|cFFFFD200Zone: |rZuldazar|n|cFFFFD200Cost: |r500|Hcurrency:1710|h|TInterface\ICONS\INV_Misc_AzsharaCoin.BLP:0|t|h
903,|cFFFFD200Vendor: |rCaptain Klarisa|n|cFFFFD200Zone: |rTiragarde Sound|n|cFFFFD200Cost: |r200|Hcurrency:1710|h|TInterface\ICONS\INV_Misc_AzsharaCoin.BLP:0|t|h|n|n|cFFFFD200Vendor: |rCaptain Zen'taga|n|cFFFFD200Zone: |rZuldazar|n|cFFFFD200Cost: |r200|Hcurrency:1710|h|TInterface\ICONS\INV_Misc_AzsharaCoin.BLP:0|t|h
904,|cFFFFD200Vendor: |rCaptain Klarisa|n|cFFFFD200Zone: |rTiragarde Sound|n|cFFFFD200Cost: |r150|Hcurrency:1710|h|TInterface\ICONS\INV_Misc_AzsharaCoin.BLP:0|t|h|n|n|cFFFFD200Vendor: |rCaptain Zen'taga|n|cFFFFD200Zone: |rZuldazar|n|cFFFFD200Cost: |r150|Hcurrency:1710|h|TInterface\ICONS\INV_Misc_AzsharaCoin.BLP:0|t|h
905,|cFFFFD200Quest: |rAftermath|n|cFFFFD200Zone: |rDarkshore
906,|cFFFFD200Quest: |rDark Ranger Round-Up|n|cFFFFD200Zone: |rDarkshore
907,|cFFFFD200Drop:|r Zandalari Empire Supplies
908,|cFFFFD200Drop:|r Proudmoore Admiralty Supplies
909,|cFFFFD200Drop:|r Voldunai Supplies
910,|cFFFFD200Drop:|r Tortollan Seekers Supplies
911,|cFFFFD200Vendor: |rProvisioner Stoutforge|n|cFFFFD200Zone: |rTiragarde Sound|n|cFFFFD200Cost: |r125|Hcurrency:1717|h|TInterface\ICONS\INV_AllianceWarEffort.BLP:0|t|h
912,|cFFFFD200Vendor: |rProvisioner Mukra|n|cFFFFD200Zone: |rZuldazar|n|cFFFFD200Cost: |r125|Hcurrency:1716|h|TInterface\ICONS\INV_HordeWarEffort.BLP:0|t|h
913,|cFFFFD200In-Game Shop|r |n
914,|cFFFFD200In-Game Shop|r |n
916,|cFFFFD200World Event:|r Lunar Festival
917,|cFFFFD200World Event:|r Love is in the Air
918,|cFFFFD200World Event:|r Noblegarden
919,|cFFFFD200World Event:|r Midsummer Fire Festival
920,|cFFFFD200World Event:|r Brewfest
921,|cFFFFD200Drop: |rAthrikus Narassin|n|cFFFFD200Zone: |rDarkshore
922,|cFFFFD200Drop: |rGren Tornfur|n|cFFFFD200Zone: |rDarkshore
923,|cFFFFD200Drop: |rCommander Ral'esh|n|cFFFFD200Zone: |rDarkshore
924,|cFFFFD200Drop: |rSapper Odette|n|cFFFFD200Zone: |rDarkshore|n|n|cFFFFD200Drop: |rBurninator Mark V|n|cFFFFD200Zone: |rDarkshore
925,|cFFFFD200Drop:|r Commander Drald|n|cFFFFD200Zone:|r Darkshore|n|n|cFFFFD200Drop:|r Thelar Moonstrike|n|cFFFFD200Zone:|r Darkshore
926,|cFFFFD200In-Game Shop|r|n
927,|cFFFFD200Drop:|r Voldunai Supplies|n
928,|cFFFFD200Drop:|r Order of Embers Supplies|n
929,
930,|cFFFFD200Drop:|r Champions of Azeroth Supplies|n
931,|cFFFFD200Drop:|r 7th Legion Supplies|n|n|cFFFFD200Drop:|r Honorbound Supplies|n
940,|cFFFFD200Drop: |rKill Saw|n|cFFFFD200Zone: |rMechagon
941,|cFFFFD200Vendor: |rKronnus|n|cFFFFD200Zone: |rWarspear|n|cFFFFD200Cost: |r500|Hcurrency:1166|h|TInterface\ICONS\PVECurrency-Justice.blp:0|t|h|n|n|cFFFFD200Vendor: |rTempra|n|cFFFFD200Zone: |rStormshield|n|cFFFFD200Cost: |r500|Hcurrency:1166|h|TInterface\ICONS\PVECurrency-Justice.blp:0|t|h
942,|cFFFFD200Vendor: |rKronnus|n|cFFFFD200Zone: |rWarspear|n|cFFFFD200Cost: |r750|Hcurrency:1166|h|TInterface\ICONS\PVECurrency-Justice.blp:0|t|h|n|n|cFFFFD200Vendor: |rTempra|n|cFFFFD200Zone: |rStormshield|n|cFFFFD200Cost: |r750|Hcurrency:1166|h|TInterface\ICONS\PVECurrency-Justice.blp:0|t|h
943,|cFFFFD200Quest: |rHis Eye Upon You|n|cFFFFD200Zone: |rZuldazar|n|n|cFFFFD200Quest: |rHis Eye Upon You|n|cFFFFD200Zone: |rStormsong Valley
944,|cFFFFD200Achievement: |rSecret Fish and Where to Find Them|n|cFFFFD200Category: |rFishing
945,|cFFFFD200Vendor: |rCrafticus Mindbender|n|cFFFFD200Zone: |rAshran|n|cFFFFD200Cost: |r10|Hitem:137642|h|TInterface\ICONS\Ability_PVP_GladiatorMedallion.BLP:0|t|h|n|n|cFFFFD200Vendor: |rDazzerian|n|cFFFFD200Zone: |rAshran|n|cFFFFD200Cost: |r10|Hitem:137642|h|TInterface\ICONS\Ability_PVP_GladiatorMedallion.BLP:0|t|h
946,|cFFFFD200Vendor: |rCrafticus Mindbender|n|cFFFFD200Zone: |rAshran|n|cFFFFD200Faction: |rWrynn's Vanguard - Revered|n|cFFFFD200Cost: |r10|Hitem:137642|h|TInterface\ICONS\Ability_PVP_GladiatorMedallion.BLP:0|t|h
947,|cFFFFD200Vendor: |rDazzerian|n|cFFFFD200Zone: |rAshran|n|cFFFFD200Faction: |rWrynn's Vanguard - Revered|n|cFFFFD200Cost: |r10|Hitem:137642|h|TInterface\ICONS\Ability_PVP_GladiatorMedallion.BLP:0|t|h
948,|cFFFFD200Profession: |rEngineering
949,|cFFFFD200Profession: |rEngineering
950,|cFFFFD200Treasure: |rWorld Arcane Chest Drop
953,
955,|cFFFFD200Mechagon:|r Junkyard Tinkering
956,|cFFFFD200Vendor: |rCrafticus Mindbender|n|cFFFFD200Zone: |rNazjatar|n|cFFFFD200Cost: |r10|Hitem:168802|h|TInterface\ICONS\inv_misc_token_pvp01.BLP:0|t|h|n|n|cFFFFD200Vendor: |rDazzerian|n|cFFFFD200Zone: |rNazjatar|n|cFFFFD200Cost: |r10|Hitem:168802|h|TInterface\ICONS\inv_misc_token_pvp01.BLP:0|t|h
957,|cFFFFD200Vendor: |rCrafticus Mindbender|n|cFFFFD200Zone: |rNazjatar|n|cFFFFD200Cost: |r10|Hitem:168802|h|TInterface\ICONS\inv_misc_token_pvp01.BLP:0|t|h|n|n|cFFFFD200Vendor: |rDazzerian|n|cFFFFD200Zone: |rNazjatar|n|cFFFFD200Cost: |r10|Hitem:168802|h|TInterface\ICONS\inv_misc_token_pvp01.BLP:0|t|h
958,|cFFFFD200Vendor: |rCrafticus Mindbender|n|cFFFFD200Zone: |rNazjatar|n|cFFFFD200Cost: |r30|Hitem:168802|h|TInterface\ICONS\inv_misc_token_pvp01.BLP:0|t|h|n|n|cFFFFD200Vendor: |rDazzerian|n|cFFFFD200Zone: |rNazjatar|n|cFFFFD200Cost: |r30|Hitem:168802|h|TInterface\ICONS\inv_misc_token_pvp01.BLP:0|t|h
959,|cFFFFD200Vendor: |rCrafticus Mindbender|n|cFFFFD200Zone: |rNazjatar|n|cFFFFD200Cost: |r30|Hitem:168802|h|TInterface\ICONS\inv_misc_token_pvp01.BLP:0|t|h|n|n|cFFFFD200Vendor: |rDazzerian|n|cFFFFD200Zone: |rNazjatar|n|cFFFFD200Cost: |r30|Hitem:168802|h|TInterface\ICONS\inv_misc_token_pvp01.BLP:0|t|h
960,|cFFFFD200Vendor: |rProspector Stonehewer|n|cFFFFD200Zone: |rAlterac Valley|n|n|cFFFFD200Vendor: |rVoggah Deathgrip|n|cFFFFD200Zone: |rAlterac Valley
961,|cFFFFD200Vendor: |rProspector Stonehewer|n|cFFFFD200Zone: |rAlterac Valley|n|n|cFFFFD200Vendor: |rVoggah Deathgrip|n|cFFFFD200Zone: |rAlterac Valley
964,|cFFFFD200Drop: |rThe Rusty Prince|n|cFFFFD200Zone: |rMechagon
965,|cFFFFD200Quest:|r We Stand United|n
966,|cFFFFD200Quest:|r Toys Like Us|n
967,|cFFFFD200World Event:|r Brewfest
968,|cFFFFD200Quest:|r Last Heirloom|n
969,|cFFFFD200Quest:|r Tome of Tears
970,|cFFFFD200Drop: |rShassera|n|cFFFFD200Zone: |rNazjatar
971,|cFFFFD200Vendor: |rOtela|n|cFFFFD200Zone: |rTanaris
972,|cFFFFD200Vendor: |rArtisan Okata|n|cFFFFD200Zone: |rNazjatar|n|cFFFFD200Cost: |r75|Hcurrency:1721|h|TInterface\ICONS\inv_misc_enchantedpearlF.blp:0|t|h|n|n|cFFFFD200Vendor: |rFinder Pruc|n|cFFFFD200Zone: |rNazjatar|n|cFFFFD200Cost: |r75|Hcurrency:1721|h|TInterface\ICONS\inv_misc_enchantedpearlF.blp:0|t|h
973,|cFFFFD200Zone:|r Nazjatar|n
974,|cFFFFD200Drop:|r Ankoan Supplies|n|n|cFFFFD200Drop:|r Unshackled Supplies
975,|cFFFFD200Zone:|r Nazjatar|n
976,|cFFFFD200Drop: |rTidemistress Leth'sindra|n|cFFFFD200Zone: |rNazjatar
977,|cFFFFD200Profession: |rEngineering(175)
978,|cFFFFD200Zone:|r Nazjatar|n
979,|cFFFFD200Drop:|r Ankoan Supplies|n|n|cFFFFD200Drop:|r Unshackled Supplies|n
980,|cFFFFD200Vendor: |rStolen Royal Vendorbot|n|cFFFFD200Zone: |rMechagon|n|cFFFFD200Faction: |rRustbolt Resistance - Revered|n|cFFFFD200Cost: |r512|TINTERFACE\MONEYFRAME\UI-GOLDICON.BLP:0|t
981,|cFFFFD200Promotion:|r Shadowlands Epic Edition
982,|cFFFFD200World Event:|r Feast of Winter Veil|n
983,|cFFFFD200World Event:|r Feast of Winter Veil|n
984,|cFFFFD200World Event:|r Feast of Winter Veil|n
985,|cFFFFD200Allied Races: |rVulpera|n|cFFFFD200Quest: |rSip and Savor|n|cFFFFD200Zone: |rSuramar
986,|cFFFFD200World Quest: |rServant of N'Zoth
992,|cFFFFD200Treasure: |rScroll of Aeons|n|cFFFFD200Zone: |rBastion
993,|cFFFFD200Drop: |rThe Shadowlands
994,|cFFFFD200Achievement: |rPet Battle Challenge: Blackrock Depths|n|cFFFFD200Category: |rPet Battles
995,|cFFFFD200Achievement: |rThe Shadows Revealed|n|cFFFFD200Category: |rPet Battles
996,|cFFFFD200Drop: |rTashara|n|cFFFFD200Zone: |rVale of Eternal Blossoms
997,|cFFFFD200Drop: |rYiphrim the Will Ravager|n|cFFFFD200Zone: |rUldum
998,|cFFFFD200Drop: |rThe Grand Executor|n|cFFFFD200Zone: |rUldum
999,|cFFFFD200Treasure: |rCoifcurl's Close Shave Kit|n|cFFFFD200Zone: |rVision of Orgrimmar
1000,|cFFFFD200Treasure: |rAlleria's Corrupted Chest|n|cFFFFD200Zone: |rVision of Stormwind
1001,|cFFFFD200Drop: |rCraggle Wobbletop|n|cFFFFD200Zone: |rVision of Stormwind
1002,|cFFFFD200Treasure: |rZekhan's Corrupted Chest|n|cFFFFD200Zone: |rVision of Orgrimmar
1003,|cFFFFD200Treasure: |rVoid-Touched Skull|n|cFFFFD200Zone: |rVision of Stormwind
1005,|cFFFFD200Vendor: |rProvisioner Qorra|n|cFFFFD200Zone: |rUldum|n|cFFFFD200Faction: |rUldum Accord - Honored|n|cFFFFD200Cost: |r20|Hitem:163036|h|TInterface\ICONS\INV_Currency_PetBattle.BLP:0|t|h 100|Hcurrency:1719|h|TInterface\ICONS\Archaeology_5_0_MoguCoin.blp:0|t|h
1006,|cFFFFD200Drop: |rWill of N'Zoth|n|cFFFFD200Zone: |rVale of Eternal Blossoms|n|n|cFFFFD200Drop: |rGaze of N'Zoth|n|cFFFFD200Zone: |rUldum
1007,|cFFFFD200Quest: |rComing Out of His Shell|n|cFFFFD200Zone: |rUldum
1062,|cFFFFD200World Event:|r Feast of Winter Veil|n|n
1063,|cFFFFD200Quest: |rGlimmerflight|n|cFFFFD200Zone: |rBastion
1064,|cFFFFD200Profession:|r Engineering
1065,|cFFFFD200Drop: |rOrophea|n|cFFFFD200Zone: |rThe Maw
1066,|cFFFFD200Treasure: |rVat of Conspicuous Slime|n|cFFFFD200Zone: |rMaldraxxus
1068,|cFFFFD200Treasure: |rHearty Dragon Plume|n|cFFFFD200Zone: |rArdenweald
1069,|cFFFFD200Treasure: |rThe Necronom-i-nom|n|cFFFFD200Zone: |rMaldraxxus
1070,|cFFFFD200Covenant: |rNecrolord|n|cFFFFD200Vendor: |rSu Zettai|n|cFFFFD200Zone: |rMaldraxxus|n|cFFFFD200Cost: |r750|Hcurrency:1813|h|TInterface\ICONS\Spell_AnimaBastion_Orb.BLP:0|t|h
1071,|cFFFFD200Treasure: |rStylish Parasol|n|cFFFFD200Zone: |rRevendreth
1072,|cFFFFD200Treasure:|r The Countess' Tribute|n|cFFFFD200Relationship:|r Friends |n|cFFFFD200Location:|r The Ember Court |n
1073,|cFFFFD200Achievement: |rParasoling|n|cFFFFD200Category: |rShadowlands
1074,|cFFFFD200Covenant: |rNecrolord|n|cFFFFD200Quest: |rThe Better Part of Valor|n|cFFFFD200Zone: |rMaldraxxus
1075,|cFFFFD200Quest:|r Master of Inner Calm|n|cFFFFD200Zone: |rQueen's Conservatory
1076,|cFFFFD200Vendor: |rMistress Mihaela|n|cFFFFD200Zone: |rRevendreth|n|cFFFFD200Faction: |rCourt of Harvesters - Honored|n|cFFFFD200Cost: |r1350|TINTERFACE\MONEYFRAME\UI-GOLDICON.BLP:0|t
1078,|cFFFFD200Treasure: |rForgotten Angler's Rod|n|cFFFFD200Zone: |rRevendreth|n
1079,|cFFFFD200Treasure:|r Outcast's Makeshift Muckpool|n|cFFFFD200Zone:|r Revendreth|n|n
1080,|cFFFFD200Vendor: |rLady Ilinca|n|cFFFFD200Coveant Feature: |rEmber Court|n|cFFFFD200Zone: |rRevendreth|n|cFFFFD200Cost: |r500|TINTERFACE\MONEYFRAME\UI-GOLDICON.BLP:0|t
1081,|cFFFFD200Venthyr Campaign Quest: |rAn Unwelcome Incursion|n|cFFFFD200World Quest: |rTithe and Taxes|n|cFFFFD200Zone: |rRevendreth
1082,|cFFFFD200Drop: |rSire Ladinas|n|cFFFFD200Zone: |rRevendreth
1083,|cFFFFD200Treasure: |rChest of Envious Desires|n|cFFFFD200Zone: |rRevendreth
1084,|cFFFFD200Vendor: |rArchivist Janeera|n|cFFFFD200Zone: |rRevendreth|n|cFFFFD200Faction: |rThe Avowed - Revered|n|cFFFFD200Cost: |r500|Hcurrency:1816|h|TInterface\ICONS\6BF_Blackrock_Nova.BLP:0|t|h
1085,|cFFFFD200Achievement: |rIt's In The Mix|n|cFFFFD200Category: |rShadowlands
1086,|cFFFFD200Vendor: |rGrand Marshal Mudrag|n|cFFFFD200Zone: |rRevendreth|n|cFFFFD200Cost: |r50|Hcurrency:1820|h|TInterface\ICONS\INV_Jewelcrafting_LivingRuby_01.blp:0|t|h
1087,|cFFFFD200Treasure: |rTaskmaster's Trove|n|cFFFFD200Zone: |rRevendreth
1088,|cFFFFD200Treasure: |rForbidden Chamber Lockbox|n|cFFFFD200Zone: |rRevendreth
1089,|cFFFFD200Vendor: |rArchivist Janeera|n|cFFFFD200Zone: |rRevendreth|n|cFFFFD200Faction: |rThe Avowed - Exalted|n|cFFFFD200Cost: |r1000|Hcurrency:1816|h|TInterface\ICONS\6BF_Blackrock_Nova.BLP:0|t|h
1090,|cFFFFD200Achievement: |rTwisting Corridors: Layer 4|n|cFFFFD200Category: |rTorghast
1091,|cFFFFD200Drop: |rMorguliax|n|cFFFFD200Zone: |rThe Maw
1092,|cFFFFD200Drop: |rBorr-Geth|n|cFFFFD200Zone: |rThe Maw
1093,|cFFFFD200Vendor: |rChachi the Artiste|n|cFFFFD200Zone: |rRevendreth|n|cFFFFD200Cost: |r750|Hcurrency:1813|h|TInterface\ICONS\Spell_AnimaBastion_Orb.BLP:0|t|h
1094,|cFFFFD200Treasure: |rBlackhound Cache|n|cFFFFD200Zone: |rMaldraxxus
1095,|cFFFFD200Vendor: |rElwyn|n|cFFFFD200Zone: |rArdenweald|n|cFFFFD200Cost: |r750|Hcurrency:1813|h|TInterface\ICONS\Spell_AnimaBastion_Orb.BLP:0|t|h
1096,|cFFFFD200Vendor: |rAdjutant Galos|n|cFFFFD200Zone: |rBastion|n|cFFFFD200Cost: |r750|Hcurrency:1813|h|TInterface\ICONS\Spell_AnimaBastion_Orb.BLP:0|t|h
1097,|cFFFFD200Treasure: |rGift of Chyrus|n|cFFFFD200Zone: |rBastion
1098,|cFFFFD200Achievement: |rNine Afterlives|n|cFFFFD200Category: |rShadowlands
1099,|cFFFFD200Treasure: |rSlime-Coated Crate|n|cFFFFD200Zone: |rMaldraxxus
1100,|cFFFFD200Drop: |rBubbleblood|n|cFFFFD200Zone: |rMaldraxxus
1101,|cFFFFD200Achievement: |rBattle in the Shadowlands|n|cFFFFD200Category: |rBattle
1102,|cFFFFD200Vendor: |rSamia Inkling|n|cFFFFD200Zone: |rThe Waking Shores|n|cFFFFD200Cost: |r1|Hitem:201399|h|TInterface\ICONS\INV_SkeletonSpinePet_Green.blp:0|t|h 1|Hitem:201402|h|TInterface\ICONS\INV_Leatherworking_90_Bone.blp:0|t|h 100|Hcurrency:2003|h|TInterface\ICONS\INV_Faction_WarResources.BLP:0|t|h|n|n|cFFFFD200Vendor: |rXaldrass|n|cFFFFD200Zone: |rThe Waking Shores|n|cFFFFD200Cost: |r1|Hitem:201399|h|TInterface\ICONS\INV_SkeletonSpinePet_Green.blp:0|t|h 1|Hitem:201402|h|TInterface\ICONS\INV_Leatherworking_90_Bone.blp:0|t|h 100|Hcurrency:2003|h|TInterface\ICONS\INV_Faction_WarResources.BLP:0|t|h
1103,|cFFFFD200Drop:|r Supplies of the Undying Army
1104,|cFFFFD200Drop:|r Ascended Supplies
1105,
1106,
1107,
1108,
1109,
1110,
1111,
1112,
1113,
1114,|cFFFFD200Drop: |rDoomwalker|n|cFFFFD200Zone: |rTanaris|n|cFFFFD200Event: |rWoW 17th Anniversary
1115,|cFFFFD200Profession: |rLeatherworking(50)
1116,|cFFFFD200Profession: |rLeatherworking(75)
1117,
1118,
1119,"|cFFFFD200Vendor: |rLayers 9-12 Brokers|n|cFFFFD200Zone: |rTorghast, Tower of the Damned|n|cFFFFD200Cost: |r300|Hcurrency:1728|h|TInterface\ICONS\INV_Phantasma.BLP:0|t|h"
1120,"|cFFFFD200Drop: |rLayers 9-12 Bosses|n|cFFFFD200Zone: |rTorghast, Tower of the Damned"
1121,|cFFFFD200Drop: |rWild Worldcracker|n|cFFFFD200Zone: |rKorthia
1122,|cFFFFD200Quest: |r Bastion Visitor Dailies|n|cFFFFD200Zone: |rKorthia
1123,|cFFFFD200Drop:|r Ascended War Chest|n|cFFFFD200Zone:|r The Maw
1124,|cFFFFD200Treasure: |rZovaal's Vault|n|cFFFFD200Zone: |rThe Maw
1125,"|cFFFFD200Drop:|r Adamant Vaults|n|cFFFFD200Zone:|r Torghast, Tower of the Damned|n"
1126,|cFFFFD200Treasure: |rZovaal's Vault|n|cFFFFD200Zone: |rThe Maw
1127,|cFFFFD200Relic Quest: |rShadow Slicing Shortsword|n|cFFFFD200Zone: |rKorthia
1128,|cFFFFD200Relic Quest: |rDiviner's Rune Chits|n|cFFFFD200Zone: |rKorthia
1129,|cFFFFD200Relic Quest: |rGuise of the Changeling|n|cFFFFD200Zone: |rKorthia
1130,|cFFFFD200Relic Quest: |rRing of Self-Reflection|n|cFFFFD200Zone: |rKorthia
1131,|cFFFFD200Treasure: |rOffering Box|n|cFFFFD200Zone: |rKorthia
1132,|cFFFFD200Treasure:|r Dislodged Nest|n|cFFFFD200Zone:|r Korthia|n
1133,|cFFFFD200Drop: |rThe Rift|n
1134,|cFFFFD200Treasure: |rForgotten Feather|n|cFFFFD200Zone: |rKorthia
1135,|cFFFFD200Drop: |rTorglluun|n|cFFFFD200Zone: |rThe Maw
1136,|cFFFFD200Drop: |rBastion Callings
1137,|cFFFFD200Drop: |rObserver Yorik|n|cFFFFD200Zone: |rKorthia
1138,|cFFFFD200Drop: |rDarklord Taraxis|n|cFFFFD200Zone: |rThe Maw
1139,
1145,|cFFFFD200Drop: |rRevendreth Callings
1146,"|cFFFFD200Vendor: |rAridormi|n|cFFFFD200Zone: |rDalaran, Broken Isles|n|cFFFFD200Cost: |r1500|Hcurrency:1166|h|TInterface\Icons\pvecurrency-justice.BLP:0|t|h"
1147,|cFFFFD200Treasure:|r Queen's Conservatory Cache|n
1148,Mythic Dungeon International: Shadowlands Season 2
1149,|cFFFFD200Drop: |rArdenweald Callings
1150,|cFFFFD200Achievement: |rCompleting the Code|n|cFFFFD200Category: |rShadowlands
1151,
1152,|cFFFFD200Vendor: |rKrom Stoutarm / Estelle Gendry|n|cFFFFD200Zone: |rIronforge / Orgrimmar|n|cFFFFD200Cost: |r10000|TINTERFACE\MONEYFRAME\UI-GOLDICON.BLP:0|t
1153,|cFFFFD200Vendor: |rKrom Stoutarm / Estelle Gendry|n|cFFFFD200Zone: |rIronforge / Orgrimmar|n|cFFFFD200Cost: |r10000|TINTERFACE\MONEYFRAME\UI-GOLDICON.BLP:0|t
1154,|cFFFFD200Vendor: |rKrom Stoutarm / Estelle Gendry|n|cFFFFD200Zone: |rIronforge / Orgrimmar|n|cFFFFD200Cost: |r10000|TINTERFACE\MONEYFRAME\UI-GOLDICON.BLP:0|t
1155,|cFFFFD200Vendor: |rKrom Stoutarm / Estelle Gendry|n|cFFFFD200Zone: |rIronforge / Orgrimmar|n|cFFFFD200Cost: |r10000|TINTERFACE\MONEYFRAME\UI-GOLDICON.BLP:0|t
1156,|cFFFFD200Vendor: |rKrom Stoutarm / Estelle Gendry|n|cFFFFD200Zone: |rIronforge / Orgrimmar|n|cFFFFD200Cost: |r10000|TINTERFACE\MONEYFRAME\UI-GOLDICON.BLP:0|t
1157,|cFFFFD200Vendor: |rKrom Stoutarm / Estelle Gendry|n|cFFFFD200Zone: |rIronforge / Orgrimmar|n|cFFFFD200Cost: |r10000|TINTERFACE\MONEYFRAME\UI-GOLDICON.BLP:0|t
1158,|cFFFFD200Vendor: |rKrom Stoutarm / Estelle Gendry|n|cFFFFD200Zone: |rIronforge / Orgrimmar|n|cFFFFD200Cost: |r10000|TINTERFACE\MONEYFRAME\UI-GOLDICON.BLP:0|t
1159,|cFFFFD200Vendor: |rKrom Stoutarm / Estelle Gendry|n|cFFFFD200Zone: |rIronforge / Orgrimmar|n|cFFFFD200Cost: |r10000|TINTERFACE\MONEYFRAME\UI-GOLDICON.BLP:0|t
1161,|cFFFFD200Drop: |rMaldraxxus Callings
1162,Mythic Dungeon International: Shadowlands Season 3
1163,Mythic Dungeon International: Shadowlands Season 4
1165,|cFFFFD200Achievement: |rTraversing the Spheres|n|cFFFFD200Category: |rShadowlands
1166,|cFFFFD200Vendor: |rSmokywood Pastures Vendor|n|cFFFFD200Cost: |r52|TINTERFACE\MONEYFRAME\UI-COPPERICON.BLP:0|t|n|nDrop: Stolen Present
1167,|cFFFFD200Vendor: |rNoblegarden Merchant|n|cFFFFD200Cost: |r50|Hitem:44791|h|TInterface\ICONS\Achievement_Noblegarden_Chocolate_Egg.blp:0|t|h
1168,|cFFFFD200Vendor: |rMidsummer Merchant|n|cFFFFD200Cost: |r150|Hitem:23247|h|TInterface\ICONS\INV_SummerFest_FireFlower.blp:0|t|h
1169,"|cFFFFD200Quest: |rA Tisket, a Tasket, a Noblegarden Basket"
1170,|cFFFFD200Vendor: |rMidsummer Merchant|n|cFFFFD200Cost: |r100|Hitem:23247|h|TInterface\ICONS\INV_SummerFest_FireFlower.blp:0|t|h
1171,|cFFFFD200Vendor: |rMidsummer Merchant|n|cFFFFD200Cost: |r50|Hitem:23247|h|TInterface\ICONS\INV_SummerFest_FireFlower.blp:0|t|h
1173,|cFFFFD200Achievement:|r The Jailer's Gauntlet: Layer 2|n|cFFFFD200Zone:|r Torghast (The Jailer's Gauntlet)
1174,|cFFFFD200Drop:|r Enlightened Broker Supplies
1175,|cFFFFD200Discovery:|r Ponderer's Portal
1176,|cFFFFD200Vendor: |rVilo|n|cFFFFD200Zone: |rZereth Mortis|n|cFFFFD200Faction: |rThe Enlightened - Exalted|n|cFFFFD200Cost: |r5000|TINTERFACE\MONEYFRAME\UI-GOLDICON.BLP:0|t
1177,|cFFFFD200Drop:|r Xy'rath the Covetous|n|cFFFFD200Zone:|r Zereth Mortis
1178,
1179,|cFFFFD200Treasure:|r Syntactic Vault|n|cFFFFD200Zone: |rZereth Mortis|n
1180,
1181,
1182,|cFFFFD200Zone:|r Catalyst Gardens
1183,|cFFFFD200Zone:|r Catalyst Wards
1184,|cFFFFD200Achievement: |rDancing Machine|n|cFFFFD200Category: |rDarkmoon Faire
1186,
1187,
1188,|cFFFFD200Vendor: |rJepetto Joybuzz|n|cFFFFD200Cost: |r50|TINTERFACE\MONEYFRAME\UI-GOLDICON.BLP:0|t
1189,
1190,|cFFFFD200Profession:|r Dragon Isles Engineering
1191,|cFFFFD200Profession:|r Dragon Isles Jewelcrafting|n
1192,|cFFFFD200Promotion:|r Dragonflight Epic Edition
1193,|cFFFFD200Profession:|r Dragon Isles Jewelcrafting|n
1194,|cFFFFD200Profession:|r Leatherworking|n
1195,|cFFFFD200Profession:|r Leatherworking|n
1196,|cFFFFD200Profession:|r Leatherworking
1197,|cFFFFD200Achievement: |rDaycare Derby|n|cFFFFD200Category: |rDragonflight
1198,|cFFFFD200Achievement: |rThe Joy of Toy|n|cFFFFD200Category: |rToy Box
1199,|cFFFFD200Quest: |rEmotional Support Companions|n|cFFFFD200Zone: |rOhn'ahran Plains
1200,|cFFFFD200Quest:|r One Bad Apple|n|cFFFFD200Zone:|r Azure Span
1201,|cFFFFD200Faction: |rMaruuk Centaur - Renown 3
1202,|cFFFFD200Drop: |rSunscale Behemoth|n|cFFFFD200Zone: |rOhn'ahran Plains
1203,|cFFFFD200Achievement:|r River Rapids Wrangler
1204,|cFFFFD200Profession:|r Tailoring|n
1205,|cFFFFD200Quest:|r Happy Little Accidents
1206,|cFFFFD200Quest: |rTaivan's Purpose|n|cFFFFD200Zone: |rOhn'ahran Plains
1207,|cFFFFD200Profession: |rDragon Isles Engineering
1208,|cFFFFD200Vendor: |rEmilia Bellocq|n|cFFFFD200Zone: |rThe Waking Shores|n|cFFFFD200Cost: |r200|TINTERFACE\MONEYFRAME\UI-GOLDICON.BLP:0|t
1209,|cFFFFD200Faction: |rIskaara Tuskarr|n|cFFFFD200Renown: |r26|n|cFFFFD200Vendor: |rKiopo|n|cFFFFD200Zone: |rThe Azure Span
1210,|cFFFFD200Profession:|r Tailoring|n
1211,|cFFFFD200Profession: |rDragon Isles Engineering
1212,|cFFFFD200Profession: |rDragon Isles Engineering
1213,|cFFFFD200Quest:|r Friend on the Mend|n|cFFFFD200Zone:|r Waking Shores
1214,|cFFFFD200Profession:|r Tailoring|n
1215,|cFFFFD200Profession: |rDragon Isles Engineering
1217,|cFFFFD200Profession:|r Tailoring|n
1218,|cFFFFD200Profession:|r Tailoring|n
1219,|cFFFFD200Profession:|r Tailoring|n
1220,|cFFFFD200Profession:|r Dragon Isles Engineering|n
1221,|cFFFFD200Quest:|r Testing the Tuskarrsenal
1222,|cFFFFD200Vendor: |rStorm Hunter William|n|cFFFFD200Zone: |rStormwind City|n|cFFFFD200Cost: |r100|Hitem:199211|h|TInterface\ICONS\INV_Enchant_EssenceCosmicGreater.blp:0|t|h|n|n|cFFFFD200Vendor: |rStorm Huntress Suhrakka|n|cFFFFD200Zone: |rDurotar|n|cFFFFD200Cost: |r100|Hitem:199211|h|TInterface\ICONS\INV_Enchant_EssenceCosmicGreater.blp:0|t|h
1224,|n
1225,"|cFFFFD200Drop: |rDragon Isles, Temporally Altered Creatures"
1226,|cFFFFD200Drop: |rNotfar the Unbearable|n|cFFFFD200Zone: |rThe Azure Span
1227,|cFFFFD200Drop: |rDragon Isles Primalists
1228,
1229,
1230,|cFFFFD200Profession:|r Dragon Isles Enchanting
1231,|cFFFFD200Quest: |rThe Awaited Egg-splosion|n|cFFFFD200Zone: |rThaldraszus
1232,|cFFFFD200Faction: |rMaruuk Centaurs|n|cFFFFD200Vendor: |rQuartermaster Huseng|n|cFFFFD200Zone: |rOhn'ahran Plains
1233,|cFFFFD200Faction: |rMaruuk Centaurs|n|cFFFFD200Vendor: |rQuartermaster Huseng|n|cFFFFD200Zone: |rOhn'ahran Plains
1234,|cFFFFD200Quest: |rAfter My Ohn Heart|n|cFFFFD200Zone: |rOhn'ahran Plains
1235,|cFFFFD200Quest: |rA Helping Claw|n|cFFFFD200Zone: |rThe Azure Span
1236,|cFFFFD200Achievement:|r Honor Our Ancestors
1237,|cFFFFD200Reward:|r Supreme Invocation|n
1238,|cFFFFD200Zone: |rBrackenhide Hollow|n|cFFFFD200Achievement: |rThe Vegetarian Diet|n|cFFFFD200Category: |rDragonflight Dungeon
1239,
1240,
1241,|cFFFFD200Zone: |rOhn'ahran Plains
1242,|cFFFFD200Zone: |rOhn'ahran Plains
1243,|cFFFFD200Quest: |rShapes Beyond the Veil|n|cFFFFD200Zone: |rArdenweald
1244,|cFFFFD200Drop: |rThe Great Shellkhan|n|cFFFFD200Zone: |rThaldraszus
1245,|cFFFFD200Profession:|r Dragon Isles Engineering|n
1246,|cFFFFD200Vendor: |rUsodormu|n|cFFFFD200Zone: |rThaldraszus|n|cFFFFD200Cost: |r3|TINTERFACE\MONEYFRAME\UI-GOLDICON.BLP:0|t75|TINTERFACE\MONEYFRAME\UI-SILVERICON.BLP:0|t
1247,|cFFFFD200Faction:|r Valdrakken Accord|n|cFFFFD200Renown:|r 27|n|cFFFFD200Vendor:|r Unatos|n|cFFFFD200Location:|r Valdrakken|n|n
1248,|cFFFFD200Faction:|r Valdrakken Accord|n|cFFFFD200Renown:|r 27|n|cFFFFD200Vendor:|r Unatos|n|cFFFFD200Location:|r Valdrakken|n|n
1249,|cFFFFD200Faction:|r Valdrakken Accord|n|cFFFFD200Renown:|r 27|n|cFFFFD200Vendor:|r Unatos|n|cFFFFD200Location:|r Valdrakken|n|n
1250,|cFFFFD200Faction:|r Valdrakken Accord|n|cFFFFD200Renown:|r 27|n|cFFFFD200Vendor:|r Unatos|n|cFFFFD200Location:|r Valdrakken|n|n
1251,|cFFFFD200Faction:|r Valdrakken Accord|n|cFFFFD200Renown:|r 27|n|cFFFFD200Vendor:|r Unatos|n|cFFFFD200Location:|r Valdrakken|n|n
1252,|cFFFFD200Faction: |rDragonscale Expedition|n|cFFFFD200Renown: |r9|n|cFFFFD200Quest: |rWayfinder's Compass|n|cFFFFD200Location: |rDragonscale Basecamp
1253,|cFFFFD200Faction: |rIskaara Tuskarr|n|cFFFFD200Renown: |r26|n|cFFFFD200Vendor: |rKiopo|n|cFFFFD200Zone: |rThe Azure Span
1254,|cFFFFD200Faction:|r Iskaara Tuskarr|n|cFFFFD200Renown:|r 23|n|cFFFFD200Vendor:|r Lontupit|n|cFFFFD200Location:|r Iskaara
1255,|cFFFFD200Faction:|r Iskaara Tuskarr|n|cFFFFD200Renown:|r 17|n|cFFFFD200Vendor:|r Nunvuq|n|cFFFFD200Location:|r Iskaara
1256,|cFFFFD200Faction:|r Iskaara Tuskarr|n|cFFFFD200Renown:|r 17|n|cFFFFD200Vendor:|r Nunvuq|n|cFFFFD200Location:|r Iskaara
1257,|cFFFFD200Faction:|r Iskaara Tuskarr|n|cFFFFD200Renown:|r 4|n|cFFFFD200Vendor:|r Lil Ki|n|cFFFFD200Location:|r Iskaara
1258,|cFFFFD200Faction:|r Iskaara Tuskarr|n|cFFFFD200Renown:|r 4|n|cFFFFD200Vendor:|r Lil Ki|n|cFFFFD200Location:|r Iskaara
1259,|cFFFFD200Faction:|r Valdrakken Accord|n|cFFFFD200Renown:|r 3|n|cFFFFD200Vendor:|r Erugosa|n|cFFFFD200Location:|r Valdrakken
1260,|cFFFFD200Faction:|r Dragonscale Expedition|n|cFFFFD200Renown:|r 19|n|cFFFFD200Vendor:|r Cataloger Jakes|n|cFFFFD200Location:|r Dragonscale Basecamp
1261,|cFFFFD200Faction:|r Dragonscale Expedition|n|cFFFFD200Renown:|r 19|n|cFFFFD200Vendor:|r Cataloger Jakes|n|cFFFFD200Location:|r Dragonscale Basecamp
1262,|cFFFFD200Faction:|r Dragonscale Expedition|n|cFFFFD200Renown:|r 17|n|cFFFFD200Vendor:|r Rae'ana|n|cFFFFD200Location:|r Dragonscale Basecamp
1263,|cFFFFD200Faction:|r Dragonscale Expedition|n|cFFFFD200Renown:|r 17|n|cFFFFD200Vendor:|r Rae'ana|n|cFFFFD200Location:|r Dragonscale Basecamp
1264,|cFFFFD200Faction:|r Dragonscale Expedition|n|cFFFFD200Renown:|r 17|n|cFFFFD200Vendor:|r Rae'ana|n|cFFFFD200Location:|r Dragonscale Basecamp
1265,|cFFFFD200Faction: |rMaruuk Centaurs|n|cFFFFD200Quest: |rBefriending Wings and Wind|n|cFFFFD200Zone: |rOhn'ahran Plains
1266,|cFFFFD200Quest:|r Unlocking Our Past|n|cFFFFD200NPC:|r Igys the Believer|n|cFFFFD200Location:|r Obsidian Citadel
1267,|cFFFFD200Zone:|r The Azure Span
1268,
1269,|cFFFFD200Drop:|r Lost Obsidian Cache
1270,|cFFFFD200Zone:|r The Waking Shores
1271,|cFFFFD200Vendor:|r Brendormi|n|cFFFFD200Cost: |r75|Hitem:202039|h|TInterface\ICONS\inv_misc_stormlordsfavor.blp:0|t|h 1200|Hcurrency:2118|h|TInterface\ICONS\INV_Misc_Powder_Thorium.blp:0|t|h
1272,|cFFFFD200Zone:|r The Waking Shore
1273,|cFFFFD200Vendor: |rFieldmaster Emberath|n|cFFFFD200Zone: |rValdrakken|n|cFFFFD200Cost: |r1500|Hcurrency:2123|h|TInterface\ICONS\INV_10_DungeonJewelry_Titan_Trinket_2_Color2.BLP:0|t|h
1274,|cFFFFD200Drop:|r Immaculate Sac of Swog Treasures
1275,|cFFFFD200Quest:|r For the Love of Others
1276,|cFFFFD200Achievement:|r Discombobberlated|n|cFFFFD200Category:|r Fishing
1277,|cFFFFD200Vendor: |rKazzi|n|cFFFFD200Zone: |rThe Azure Span|n|cFFFFD200Faction: |rWinterpelt Furbolg - Exalted|n|cFFFFD200Cost: |r400|Hcurrency:2003|h|TInterface\ICONS\INV_Faction_WarResources.BLP:0|t|h
1278,|cFFFFD200Vendor: |rKazzi|n|cFFFFD200Zone: |rThe Azure Span|n|cFFFFD200Faction: |rWinterpelt Furbolg - Friendly|n|cFFFFD200Cost: |r100|Hcurrency:2003|h|TInterface\ICONS\INV_Faction_WarResources.BLP:0|t|h
1279,|cFFFFD200Profession:|r Dragon Isles Engineering|n
1280,|cFFFFD200Zone:|r The Azure Span
1281,|cFFFFD200Profession:|r Dragon Isles Engineering|n
1282,|cFFFFD200Vendor: |rAtticus Belle|n|cFFFFD200Zone: |rThe Waking Shores|n|cFFFFD200Cost: |r20|Hitem:193050|h|TInterface\ICONS\INV_10_Tailoring_ClothCommon_Color2.BLP:0|t|h 100|Hcurrency:2003|h|TInterface\ICONS\INV_Faction_WarResources.BLP:0|t|h|n|n|cFFFFD200Vendor: |rLorena Belle|n|cFFFFD200Zone: |rThe Waking Shores|n|cFFFFD200Cost: |r20|Hitem:193050|h|TInterface\ICONS\INV_10_Tailoring_ClothCommon_Color2.BLP:0|t|h 100|Hcurrency:2003|h|TInterface\ICONS\INV_Faction_WarResources.BLP:0|t|h
1283,
1284,
1285,
1286,
1287,
1288,
1289,WoW Esports: Dragonflight Season 1
1290,|cFFFFD200Quest:|r A Final Word|n|cFFFFD200Zone: |rOhn'ahran Plains
1293,|cFFFFD200Quest:|r In the Blink of an Eye|n|cFFFFD200Zone:|r Broken Isles|n|cFFFFD200Zone:|r Dalaran
1294,|cFFFFD200Quest: |rEstablish Your Garrison|n|cFFFFD200Zone: |rFrostfire Ridge|n|cFFFFD200Zone: |rFrostwall|n|n|cFFFFD200Quest: |rEstablish Your Garrison|n|cFFFFD200Zone: |rShadowmoon Valley|n|cFFFFD200Zone: |rLunarfall
1295,|cFFFFD200Discovery:|r Zul'Gurub|n
1300,|cFFFFD200Vendor: |rKazzi|n|cFFFFD200Zone: |rThe Azure Span|n|cFFFFD200Faction: |rWinterpelt Furbolg - Revered|n|cFFFFD200Cost: |r200|Hcurrency:2003|h|TInterface\ICONS\INV_Faction_WarResources.BLP:0|t|h
1301,|cFFFFD200Profession:|r Dragon Isles Engineering|n
1302,|cFFFFD200Quest:|r Hraxian's Unbreakable Will|n|cFFFFD200Zone: |rZaralek Cavern|n
1303,|cFFFFD200Quest: |rAka'magosh|n|cFFFFD200Zone: |rDurotar|n|cFFFFD200Zone: |rAlterac Valley
1304,|cFFFFD200Treasure: |r Chest|n|cFFFFD200Zone: |rThe Zskera Vaults
1305,|cFFFFD200Treasure: |r Chest|n|cFFFFD200Zone: |rThe Zskera Vaults
1306,|cFFFFD200Treasure: |r Chest|n|cFFFFD200Zone: |rThe Zskera Vaults
1307,|cFFFFD200Vendor: |rEmilia Bellocq|n|cFFFFD200Zone: |rThe Waking Shores|n|cFFFFD200Cost: |r5|TINTERFACE\MONEYFRAME\UI-GOLDICON.BLP:0|t
1308,Treasure: Overgrown Skeleton|n|cFFFFD200Zone: |rThe Zskera Vaults
1309,|cFFFFD200Profession:|r Dragon Isles Engineering|n
1310,
1311,|cFFFFD200World Event:|r Noblegarden
1312,|cFFFFD200Quest: |rA Sliver of Silver|n|cFFFFD200Zone: |rTirisfal Glades
1313,|cFFFFD200Treasure: |r Chest|n|cFFFFD200Zone: |rThe Zskera Vaults
1314,|cFFFFD200Profession:|r Dragon Isles Engineering|n
1315,|cFFFFD200Profession:|r Dragon Isles Jewelcrafting|n
1316,Niffen Renown
1317,|cFFFFD200Treasure:|r Blazing Shadowflame Chest|n|n|cFFFFD200Zone: |rZaralek Cavern
1320,|cFFFFD200Drop:|r Dinn|n|cFFFFD200Zone:|r Zaralek Cavern
1321,|cFFFFD200Drop: |rMoltenbinder's Disciple|n|cFFFFD200Zone: |rEmerald Dream
1322,|cFFFFD200World Quest: |rAll That Glitter
1323,|cFFFFD200Drop: |rInvohq|n|cFFFFD200Zone: |rZaralek Cavern
1324,|cFFFFD200Quest:|r A Peaceful Farewell|n|cFFFFD200Zone:|r The Azure Span
1325,|cFFFFD200Achievement:|r Cavern Clawbbering|n|cFFFFD200Category:|r Dragonflight
1326,|cFFFFD200Vendor: |rHarlowe Marl|n|cFFFFD200Zone: |rZaralek Cavern|n|cFFFFD200Cost: |r200|Hcurrency:2003|h|TInterface\ICONS\INV_Faction_WarResources.BLP:0|t|h
1327,|cFFFFD200Drop: |rDisciples of Fyrakk
1328,|cFFFFD200Vendor: |rMidsummer Merchant|n|cFFFFD200Zone: |rTirisfal Glades|n|cFFFFD200Zone: |rOrgrimmar|n|cFFFFD200Zone: |rThunder Bluff|n|cFFFFD200Zone: |rSilvermoon City|n|cFFFFD200Cost: |r500|Hitem:23247|h|TInterface\ICONS\INV_SummerFest_FireFlower.blp:0|t|h|n|n|cFFFFD200Vendor: |rMidsummer Supplier|n|cFFFFD200Zone: |rDun Morogh|n|cFFFFD200Zone: |rTeldrassil|n|cFFFFD200Zone: |rStormwind City|n|cFFFFD200Zone: |rThe Exodar|n|cFFFFD200Cost: |r500|Hitem:23247|h|TInterface\ICONS\INV_SummerFest_FireFlower.blp:0|t|h
1329,|cFFFFD200Vendor: |rGaal|n|cFFFFD200Zone: |rKrokuun|n|cFFFFD200Cost: |r90|Hitem:151567|h|TInterface\ICONS\INV_Tailoring_LightweaveCloth.BLP:0|t|h 90|Hitem:151564|h|TInterface\ICONS\INV_Misc_Starmetal.BLP:0|t|h 900|Hcurrency:1508|h|TInterface\ICONS\Oshugun_CrystalFragments.BLP:0|t|h
1330,|cFFFFD200Achievement: |rLegend: Dragonflight Season 2|n|cFFFFD200Category: |rArena
1331,|cFFFFD200Event: |rA Greedy Emissary
1332,|cFFFFD200Vendor: |rLoamm Food and Beverage Vendors
1333,|cFFFFD200Achievement: |rLegend: Dragonflight Season 1|n|cFFFFD200Category: |rPlayer vs. Player
1334,|cFFFFD200Trading Post|r
1335,|cFFFFD200Discovery:|r Naxxramas|n
1336,|cFFFFD200Drop: |rTemporal Investi-gator|n|cFFFFD200Zone: |rThaldraszus
1337,"|cFFFFD200Achievement:|r Many Boxes, Many Rockses|n"
1338,WoW Esports: Dragonflight Season 2
1340,|cFFFFD200Discovery:|r Naxxramas|n
1341,|cFFFFD200World Event:|r Secrets of Azeroth|n
1342,|cFFFFD200World Event:|r Secrets of Azeroth|n
1343,|cFFFFD200World Event:|r Secrets of Azeroth|n
1344,|cFFFFD200Achievement:|r Temporal Acquisitions Specialist|n
1345,|cFFFFD200Trading Post|r|n
1347,|cFFFFD200Quest:|r Dawn of the Infinite: Chrono-Lord Deios|n|cFFFFD200Zone:|r Thaldraszus
1348,|cFFFFD200Achievement:|r Best Stellar|n|cFFFFD200Category:|r Inscription
1349,|cFFFFD200Achievement:|r Dragonriding Challenge: Dragon Isles: Bronze|n
1350,|cFFFFD200Quest: |rProof and Promise|n|cFFFFD200Zone: |rKrokuun
1351,|cFFFFD200Promotion|r
1352,|cFFFFD200World Event: |rFeast of Winter Veil
1353,"Talk to Soridormi after reaching the ""Future Friend"" friendship rank with her."
1354,|cFFFFD200Profession:|r Dragon Isles Engineering
1355,|cFFFFD200World Event:|r Brewfest
1356,|cFFFFD200Promotion|r
1357,|cFFFFD200Vendor: |rBrewfest Vendors|n|cFFFFD200Cost: |r200|TINTERFACE\ICONS\INV_MISC_COIN_01.BLP:0|t|n
1427,"|cFFFFD200Drop:|r Larodar, Keeper of the Flame|n|cFFFFD200Zone:|r Amirdrassil, the Dream's Hope"
1428,|cFFFFD200Quest:|r Disc Delivery|n|cFFFFD200Zone:|r Thaldraszus
1429,|cFFFFD200Drop: |rThe Abominable Greench|n|cFFFFD200Zone: |rHillsbrad Foothills
1430,|cFFFFD200Event: |rBlizzcon 2023
1431,|cFFFFD200Vendor: |rCelestine of the Harvest|n|cFFFFD200Zone: |rThe Waking Shores|n|cFFFFD200Zone: |rOhn'ahran Plains|n|cFFFFD200Zone: |rThe Azure Span|n|cFFFFD200Zone: |rThaldraszus|n|cFFFFD200Cost: |r500|Hitem:207026|h|TInterface\ICONS\INV_Enchant_DustStrange.blp:0|t|h
1432,|cFFFFD200Vendor: |rCelestine of the Harvest|n|cFFFFD200Zone: |rThe Waking Shores|n|cFFFFD200Zone: |rOhn'ahran Plains|n|cFFFFD200Zone: |rThe Azure Span|n|cFFFFD200Zone: |rThaldraszus|n|cFFFFD200Cost: |r500|Hitem:207026|h|TInterface\ICONS\INV_Enchant_DustStrange.blp:0|t|h
1433,|cFFFFD200Treasure:|r Pineshrew Cache|n|cFFFFD200Zone:|r Emerald Dream
1434,|cFFFFD200Achievement: |rLegend: Dragonflight Season 3|n|cFFFFD200Category: |rArena
1435,|cFFFFD200World Event: |rFeast of Winter Veil
1436,|cFFFFD200Drop:|r Hidden Moonkin Stash|n|cFFFFD200Zone:|r Emerald Dream
1437,|cFFFFD200Quest:|r Sleepy Druid in Emerald Dream|n
1438,|cFFFFD200In-Game Shop|r|n|n
1439,|cFFFFD200World Event:|r Love is in the Air|n
1440,WoW Esports: Dragonflight Season 3
1445,|cFFFFD200World Event:|r Love is in the Air|n
1446,|cFFFFD200World Quest: |rWhat We Left Behind|n|cFFFFD200Zone: |rRuins of Gilneas
1447,|cFFFFD200World Event:|r Love is in the Air
1448,|cFFFFD200Achievement: |rLegend: Dragonflight Season 4|n|cFFFFD200Category: |rArena
1449,|cFFFFD200Vendor: |rSir Finley Mrgglton|n|cFFFFD200Zone: |rDornogal|n|cFFFFD200Cost: |r500|Hcurrency:2803|h|TInterface\ICONS\INV_Misc_ElvenCoins.blp:0|t|h
1450,
1451,|cFFFFD200Achievement: |rDynamic Duo Complete|n|cFFFFD200Category: |rCharacters
1452,|cFFFFD200Trading Post|r|n
1453,|cFFFFD200Trading Post|r|n
1454,|cFFFFD200Trading Post|r|n
1455,|cFFFFD200Trading Post|r|n
1456,
1457,|cFFFFD200Profession:|r Khaz Algar Jewelcrafting|n
1458,|cFFFFD200Profession:|r Khaz Algar Jewelcrafting|n
1461,|cFFFFD200Quest:|rJust a Waddle Away|n|cFFFFD200Zone: |rDurotar|n|n|cFFFFD200Quest: |rJust a Waddle Away|n|cFFFFD200Zone: |rElwynn Forest|n
1462,
1464,|cFFFFD200Faction: |rKeg Leg's Crew|n|cFFFFD200Renown: |r16
1465,|cFFFFD200Draenei Heritage Questline|r|n|cFFFFD200Quest: |rOur Path Forward
1466,"|cFFFFD200Vendor: |rDathendrash
|cFFFFD200Zone: |rStormwind City
|cFFFFD200Zone: |rOrgrimmar
|cFFFFD200Cost: |r40|Hcurrency:2588|h|TInterface\ICONS\INV_10_Fishing_DragonIslesCoins_Bronze.BLP:0|t|h

|cFFFFD200Vendor: |rMaztha
|cFFFFD200Zone: |rValdrakken
|cFFFFD200Cost: |r40|Hcurrency:2588|h|TInterface\ICONS\INV_10_Fishing_DragonIslesCoins_Bronze.BLP:0|t|h"
1467,|cFFFFD200Achievement: |rInfinite Power XII|n|cFFFFD200Category: |rTimerunning
1468,|cFFFFD200Achievement: |rInfinite Power XII|n|cFFFFD200Category: |rTimerunning
1469,|cFFFFD200Achievement: |rInfinite Power XII|n|cFFFFD200Category: |rTimerunning
1470,|cFFFFD200Achievement: |rInfinite Power XII|n|cFFFFD200Category: |rTimerunning
1471,|cFFFFD200Trading Post|r
1472,WoW Esports: Dragonflight Season 4
1473,|cFFFFD200World Event: |rFeast of Winter Veil
1475,|cFFFFD200Trading Post|r
1476,|cFFFFD200Achievement: |rThe Jade Forest|n|cFFFFD200Category: |rTimerunning
1477,|cFFFFD200Profession: |rKhaz Algar Engineering
1478,|cFFFFD200Profession: |rKhaz Algar Engineering
1479,|cFFFFD200Quest:|r Sins of the Sister
1480,|cFFFFD200Drop:|r Delver's Journey|n
1483,|cFFFFD200Achievement:|r Memories of a World Soul|n
1484,|cFFFFD200Treasure: |rStuffed Bear|n|cFFFFD200Zone: |rThe Forbidden Reach
1485,|cFFFFD200Profession: |rKhaz Algar Engineering
1486,|cFFFFD200Treasure: |rIlluminated Footlocker|n|cFFFFD200Zone: |rHallowfall
1487,|cFFFFD200Treasure: |rSunken Cache|n|cFFFFD200Zone: |rHallowfall
1488,|cFFFFD200Profession: |rKhaz Algar Engineering
1489,|cFFFFD200Treasure:|r Tree's Treasure|n|cFFFFD200Zone:|r Khaz Algar|n
1490,
1491,|cFFFFD200Zone:|r The Azure Span
1493,"|cFFFFD200Treasure: |r""Weaving Supplies""|n|cFFFFD200Zone: |rAzj-Kahet"
1494,|cFFFFD200Profession: |rKhaz Algar Engineering
1495,"|cFFFFD200Quest: |rZekvir, Hand of the Harbinger|n|cFFFFD200Zone: |rDornogal"
1496,
1497,|cFFFFD200Treasure: |rLoremaster's Reward|n|cFFFFD200Zone: |rHallowfall
1498,|cFFFFD200Vendor: |rSir Finley Mrgglton|n|cFFFFD200Zone: |rDornogal|n|cFFFFD200Cost: |r500|Hcurrency:2803|h|TInterface\ICONS\INV_Misc_ElvenCoins.blp:0|t|h
1499,|cFFFFD200Achievement: |rLegend: The War Within Season 1|n|cFFFFD200Category: |rArena
1500,[PH]
1501,|cFFFFD200Treasure:|r Sturdy Chest|n|cFFFFD200Delves |r|n
1502,
1503,
1504,|cFFFFD200Drop:|r Ethereum Infiltrator|n
1505,|cFFFFD200Achievement: |rSolo Shuffle Medic: The War Within|n|cFFFFD200Category: |rArena
1506,|cFFFFD200Achievement: |rBattleground Blitz Medic: The War Within|n|cFFFFD200Category: |rBattleground
1508,|cFFFFD200Vendor: |rSir Finley Mrgglton|n|cFFFFD200Zone: |rDornogal|n|cFFFFD200Cost: |r500|Hcurrency:2803|h|TInterface\ICONS\INV_Misc_ElvenCoins.blp:0|t|h
1509,|cFFFFD200Vendor: |rAuditor Balwurz|n|cFFFFD200Zone: |rDornogal|n|cFFFFD200Cost: |r5000|Hcurrency:2815|h|TInterface\ICONS\SPELL_AZERITE_ESSENCE14.BLP:0|t|h
1510,|cFFFFD200Vendor: |rWaxmonger Squick|n|cFFFFD200Zone: |rThe Ringing Deeps|n|cFFFFD200Cost: |r5000|Hcurrency:2815|h|TInterface\ICONS\SPELL_AZERITE_ESSENCE14.BLP:0|t|h
1511,|cFFFFD200Vendor: |rAuralia Steelstrike|n|cFFFFD200Zone: |rHallowfall|n|cFFFFD200Cost: |r5000|Hcurrency:2815|h|TInterface\ICONS\SPELL_AZERITE_ESSENCE14.BLP:0|t|h
1512,|cFFFFD200Vendor: |rLady Vinazian|n|cFFFFD200Zone: |rAzj-Kahet|n|cFFFFD200Cost: |r1750|Hcurrency:3056|h|TInterface\ICONS\INV_10_Tailoring_SilkRare_Color3.BLP:0|t|h|n|n|cFFFFD200Vendor: |rY'tekhi|n|cFFFFD200Zone: |rAzj-Kahet|n|cFFFFD200Cost: |r1750|Hcurrency:3056|h|TInterface\ICONS\INV_10_Tailoring_SilkRare_Color3.BLP:0|t|h
1513,|cFFFFD200Vendor: |rAlvus Valavulu|n|cFFFFD200Zone: |rCity of Threads|n|cFFFFD200Cost: |r1500|Hcurrency:3056|h|TInterface\ICONS\INV_10_Tailoring_SilkRare_Color3.BLP:0|t|h
